,score
5_2_16,-12.6
1_1_187,-11.533333333333333
3_1_156,-8.833333333333334
6_1_173,-12.5
6_6_126,-8.0
3_1_272,-11.5
2_6_387,-9.966666666666667
6_0_79,-12.133333333333333
1_2_244,-12.966666666666667
3_5_119,-7.866666666666667
0_6_3,-9.966666666666667
0_3_0,-10.0
6_2_106,-13.300000000000002
3_5_252,-9.533333333333333
1_1_115,-12.333333333333334
6_6_290,-9.666666666666666
3_2_48,-11.633333333333333
0_3_237,-12.033333333333333
1_1_332,-11.266666666666666
0_2_151,-13.0
6_2_321,-12.833333333333334
3_6_16,-9.433333333333335
0_3_334,-12.5
2_0_302,-9.466666666666667
0_1_292,-9.433333333333334
0_3_55,-12.266666666666666
2_1_243,-11.699999999999998
5_3_90,-13.5
1_1_34,-13.066666666666668
0_0_341,-12.433333333333332
2_2_112,-11.766666666666666
1_3_206,-10.4
2_1_108,-12.366666666666667
2_4_322,-11.566666666666668
4_3_223,-12.733333333333334
6_5_12,-11.6
5_2_58,-11.0
2_0_67,-8.166666666666666
0_3_216,-13.133333333333333
4_1_111,-12.733333333333334
2_2_386,-12.833333333333334
0_4_167,-12.300000000000002
5_3_233,-12.433333333333332
5_0_246,-9.233333333333333
0_1_322,-13.4
0_4_108,-13.966666666666667
0_3_279,-13.033333333333333
0_3_387,-12.6
2_5_166,-10.333333333333334
2_2_217,-13.700000000000001
1_0_119,-12.133333333333333
0_6_274,-10.9
3_4_51,-10.4
0_1_12,-13.133333333333333
6_2_392,-11.9
0_1_105,-11.433333333333332
4_1_359,-10.866666666666667
4_3_24,-11.366666666666667
1_3_248,-11.4
2_1_146,-11.5
1_3_73,-11.933333333333332
4_0_277,-10.5
1_4_139,-11.1
3_3_12,-12.566666666666665
0_3_74,-12.466666666666667
0_2_254,-11.966666666666667
5_3_330,-8.6
2_2_278,-12.4
6_5_355,-10.2
2_3_339,-11.133333333333333
0_3_315,-13.166666666666666
4_5_379,-10.666666666666666
6_3_106,-12.199999999999998
3_3_71,-11.066666666666668
5_3_40,-14.966666666666669
6_3_222,-11.0
0_4_323,-12.366666666666667
6_2_363,-11.966666666666667
3_3_268,-11.366666666666667
0_1_71,-14.066666666666668
6_1_40,-13.633333333333333
1_3_244,-11.733333333333334
3_4_119,-9.000000000000002
3_2_329,-10.433333333333332
6_0_257,-11.866666666666667
4_1_21,-11.766666666666666
1_1_76,-12.300000000000002
0_3_85,-12.199999999999998
6_6_91,-6.900000000000001
5_1_267,-11.766666666666666
0_4_9,-11.200000000000001
3_5_49,-9.733333333333334
3_2_98,-12.233333333333334
5_2_54,-12.733333333333334
6_2_32,-13.6
0_0_200,-12.533333333333333
5_1_364,-12.299999999999999
4_2_404,-9.366666666666667
4_2_107,-11.366666666666665
0_2_91,-11.9
6_5_71,-11.266666666666666
0_5_40,-13.366666666666665
5_3_189,-9.233333333333334
0_3_151,-12.833333333333334
0_4_75,-12.800000000000002
5_4_22,-11.700000000000001
6_0_276,-9.933333333333332
0_1_147,-12.766666666666666
5_6_213,-7.433333333333334
6_1_61,-12.233333333333334
5_3_1,-12.333333333333334
0_5_108,-12.833333333333334
0_2_279,-13.6
2_3_386,-12.133333333333333
6_1_358,-11.866666666666665
5_5_266,-5.933333333333334
5_1_68,-11.0
4_1_374,-8.566666666666666
4_4_8,-11.133333333333333
5_2_117,-12.533333333333333
0_3_254,-13.633333333333333
4_0_14,-12.4
4_1_153,-12.5
4_5_31,-11.666666666666666
6_4_355,-11.033333333333333
2_2_339,-11.200000000000001
0_4_125,-9.533333333333333
3_2_299,-13.0
6_0_75,-12.9
6_3_300,-9.733333333333333
3_2_264,-11.299999999999999
3_0_22,-11.166666666666666
1_1_252,-12.133333333333333
5_3_155,-9.433333333333334
5_5_36,-9.799999999999999
4_0_8,-12.233333333333334
3_5_68,-4.633333333333334
6_0_388,-10.366666666666667
6_3_392,-11.766666666666666
2_2_356,-11.233333333333334
0_2_387,-12.466666666666667
1_1_119,-12.5
5_2_2,-12.199999999999998
3_1_135,-9.9
1_5_32,-11.6
5_3_225,-11.566666666666668
5_2_364,-12.066666666666668
4_0_40,-12.9
0_2_19,-11.966666666666667
3_3_371,-11.566666666666668
5_5_331,-9.9
6_1_7,-12.833333333333334
5_4_270,-12.5
2_3_108,-14.333333333333334
1_1_294,-11.6
4_2_256,-12.0
2_2_3,-12.0
1_0_78,-11.933333333333332
2_3_243,-11.200000000000001
1_2_157,-9.133333333333333
2_1_318,-10.9
0_1_334,-13.566666666666668
2_2_302,-10.133333333333333
2_2_125,-11.533333333333333
2_6_3,-9.4
4_2_355,-12.5
6_2_379,-12.266666666666666
4_6_78,-7.8
3_1_346,-11.366666666666667
0_6_262,-8.866666666666665
6_4_290,-10.933333333333332
6_0_106,-13.233333333333334
2_4_40,-9.933333333333332
1_4_299,-8.833333333333332
6_6_19,-6.7
6_0_194,-11.633333333333335
1_1_91,-11.733333333333334
2_1_289,-8.633333333333333
5_1_159,-10.9
6_3_257,-11.9
1_6_40,-11.5
1_0_244,-12.066666666666668
3_0_268,-11.466666666666669
3_1_264,-11.233333333333333
2_1_339,-11.5
4_4_363,-10.799999999999999
6_2_182,-13.366666666666667
6_1_165,-12.466666666666667
0_2_57,-11.633333333333333
5_2_345,-11.233333333333334
1_2_119,-12.866666666666667
0_2_360,-10.9
3_5_244,-9.133333333333333
0_1_387,-13.299999999999999
6_2_110,-12.4
4_1_126,-11.833333333333334
6_3_388,-12.866666666666667
0_5_335,-10.166666666666666
6_2_234,-11.1
5_5_310,-11.466666666666669
5_5_137,-10.800000000000002
3_3_177,-9.9
0_1_279,-13.433333333333332
6_4_223,-11.033333333333331
0_6_66,-10.4
5_2_246,-11.5
0_6_108,-10.166666666666666
0_3_322,-13.166666666666666
1_3_282,-12.266666666666666
0_2_147,-12.733333333333334
5_1_185,-11.766666666666666
6_3_219,-12.466666666666667
3_2_380,-12.033333333333333
2_5_288,-8.9
5_4_57,-12.666666666666666
0_1_132,-12.666666666666666
6_1_342,-12.266666666666666
4_3_81,-12.6
0_6_167,-10.166666666666666
5_3_395,-12.0
5_5_158,-10.966666666666669
0_1_216,-12.799999999999999
4_1_16,-11.933333333333332
0_1_288,-11.233333333333334
2_1_27,-11.5
2_2_243,-12.0
0_1_275,-11.4
2_3_302,-9.200000000000001
5_1_250,-12.366666666666667
0_4_386,-12.366666666666665
3_1_304,-11.766666666666666
6_0_260,-10.233333333333333
6_3_287,-12.4
5_1_189,-11.466666666666667
2_5_279,-10.733333333333334
2_2_108,-12.666666666666666
0_2_124,-13.566666666666668
1_3_27,-11.800000000000002
4_1_362,-10.366666666666667
6_1_18,-12.533333333333333
3_4_298,-10.833333333333334
0_3_341,-11.966666666666669
2_3_390,-10.800000000000002
0_2_200,-11.866666666666667
5_3_364,-12.233333333333334
3_3_333,-11.5
5_5_373,-10.266666666666666
3_1_268,-12.466666666666667
2_5_16,-10.066666666666665
6_5_202,-9.700000000000001
0_3_242,-8.933333333333332
4_0_90,-12.366666666666665
6_5_290,-10.166666666666666
5_4_179,-11.266666666666666
1_2_115,-12.566666666666665
3_3_0,-8.633333333333333
0_5_339,-10.799999999999999
6_4_145,-11.299999999999999
0_2_105,-11.800000000000002
6_1_39,-10.200000000000001
6_1_392,-12.1
5_4_310,-12.199999999999998
3_2_350,-12.133333333333335
1_3_119,-12.733333333333334
3_5_305,-9.1
5_3_345,-10.866666666666667
1_5_329,-8.799999999999999
4_4_12,-12.033333333333331
2_1_278,-12.666666666666666
4_0_290,-11.200000000000001
0_1_67,-10.933333333333332
0_1_170,-11.733333333333334
3_0_264,-10.9
4_4_106,-11.866666666666667
2_5_58,-9.966666666666667
2_4_151,-10.466666666666667
2_4_275,-11.199999999999998
1_2_12,-12.5
2_2_89,-11.533333333333333
5_0_24,-11.766666666666666
3_0_15,-10.666666666666666
1_1_265,-11.233333333333334
6_5_223,-9.733333333333333
2_0_12,-11.666666666666666
4_1_164,-13.166666666666666
2_5_129,-9.9
6_6_40,-9.166666666666666
6_6_392,-10.299999999999999
4_4_28,-11.5
6_1_91,-11.733333333333333
1_3_295,-15.066666666666665
0_4_360,-10.266666666666666
1_4_119,-12.933333333333332
4_0_257,-12.166666666666666
5_2_188,-13.033333333333331
5_4_40,-12.366666666666665
4_3_222,-10.466666666666667
3_4_71,-11.766666666666666
5_1_100,-12.466666666666669
2_4_323,-9.4
4_2_363,-12.866666666666667
5_1_98,-12.700000000000001
6_1_355,-12.033333333333333
0_1_125,-13.300000000000002
4_3_106,-14.5
5_3_91,-11.966666666666669
5_3_382,-12.266666666666666
6_1_256,-11.033333333333333
6_0_317,-10.733333333333334
1_2_47,-12.766666666666666
2_2_21,-11.266666666666666
2_6_386,-6.6000000000000005
6_4_358,-11.299999999999999
1_4_8,-11.4
0_2_40,-14.933333333333332
4_0_19,-11.6
0_3_259,-13.866666666666667
1_1_186,-9.566666666666666
2_3_288,-9.0
1_4_351,-10.699999999999998
5_2_85,-9.666666666666666
3_2_49,-11.933333333333332
3_1_138,-10.299999999999999
2_0_47,-11.6
0_4_147,-12.033333333333333
0_0_108,-13.166666666666666
3_0_40,-12.066666666666668
6_2_223,-12.333333333333334
6_1_239,-12.133333333333333
0_1_13,-12.6
2_2_132,-11.5
1_4_157,-10.0
1_1_14,-12.966666666666667
3_3_81,-11.800000000000002
0_3_386,-13.1
6_0_183,-9.366666666666667
5_2_270,-13.166666666666666
6_3_44,-11.200000000000001
1_1_86,-11.966666666666667
0_3_75,-13.033333333333333
4_0_276,-11.033333333333333
3_3_298,-11.466666666666669
0_4_341,-11.4
3_0_282,-10.166666666666666
2_5_43,-10.166666666666666
0_2_356,-12.533333333333333
2_2_387,-12.266666666666666
3_1_119,-12.1
3_4_333,-11.0
5_1_394,-12.733333333333334
6_2_202,-12.366666666666665
0_4_242,-9.733333333333334
4_3_392,-10.733333333333334
0_6_319,-9.1
0_3_133,-12.633333333333333
1_2_299,-13.133333333333333
3_3_309,-11.366666666666667
6_1_277,-12.633333333333335
5_3_179,-12.4
0_1_323,-13.833333333333334
6_1_153,-12.233333333333334
4_2_165,-10.800000000000002
4_5_83,-10.299999999999999
5_0_100,-12.466666666666667
4_2_52,-13.466666666666667
2_6_339,-9.9
0_6_387,-9.533333333333333
5_5_16,-10.800000000000002
1_5_119,-11.333333333333334
5_2_310,-12.5
1_3_11,-12.266666666666666
0_2_411,-13.266666666666666
0_1_108,-13.866666666666667
1_3_1,-9.933333333333334
1_1_371,-13.366666666666667
0_6_279,-10.566666666666666
6_3_27,-12.433333333333332
5_3_41,-10.566666666666668
3_3_122,-10.9
5_3_352,-11.833333333333334
0_3_16,-14.5
6_3_107,-10.366666666666667
6_3_404,-7.766666666666667
0_4_8,-12.066666666666668
0_0_302,-9.3
2_3_334,-10.833333333333334
6_3_48,-12.733333333333334
1_1_77,-11.6
1_3_161,-12.700000000000001
5_4_395,-11.433333333333332
5_2_158,-12.933333333333332
5_1_142,-12.233333333333334
2_2_151,-11.5
3_3_269,-10.833333333333334
4_2_321,-11.566666666666668
3_1_16,-11.433333333333332
5_5_364,-10.0
6_2_240,-10.3
0_4_200,-11.133333333333333
6_0_89,-12.366666666666667
5_0_12,-12.5
3_2_298,-12.5
5_3_270,-12.566666666666665
2_1_322,-12.466666666666669
4_0_87,-11.666666666666666
6_2_12,-12.333333333333334
5_2_3,-12.866666666666665
2_3_216,-11.766666666666666
6_1_111,-11.433333333333332
0_2_386,-10.6
1_6_269,-9.799999999999999
1_2_226,-12.300000000000002
0_3_58,-11.6
6_6_363,-7.533333333333334
5_1_247,-12.0
0_3_339,-12.833333333333334
2_5_125,-10.2
1_4_231,-11.433333333333332
2_4_340,-9.166666666666666
1_0_283,-11.799999999999999
3_3_248,-11.166666666666666
6_3_290,-11.133333333333333
3_4_12,-11.9
6_3_202,-11.800000000000002
3_4_156,-8.966666666666667
5_5_267,-10.533333333333333
0_2_133,-12.633333333333333
2_3_387,-11.333333333333334
0_6_181,-9.299999999999999
3_6_74,-8.966666666666667
0_6_12,-10.466666666666667
5_2_232,-14.0
1_0_135,-8.733333333333333
3_3_400,-9.033333333333333
4_5_301,-8.733333333333333
1_4_298,-11.700000000000001
3_4_249,-9.6
1_4_265,-9.666666666666666
0_3_390,-12.1
4_4_70,-9.8
3_3_138,-12.1
2_1_64,-11.700000000000001
5_6_162,-10.333333333333334
3_0_122,-11.366666666666665
0_5_279,-11.666666666666666
0_2_108,-14.5
1_3_230,-10.666666666666666
0_1_411,-12.800000000000002
2_3_90,-12.633333333333333
6_2_317,-10.133333333333335
3_0_269,-11.0
2_1_151,-11.4
2_4_386,-11.466666666666667
5_4_18,-12.4
6_3_256,-11.933333333333332
5_1_158,-12.4
6_3_52,-12.666666666666666
5_2_266,-7.8999999999999995
6_5_342,-10.433333333333335
4_3_379,-11.933333333333332
4_2_48,-12.033333333333333
4_0_363,-12.033333333333331
4_1_222,-10.200000000000001
0_4_254,-11.333333333333334
1_0_346,-11.6
0_2_18,-13.4
3_2_83,-11.6
4_6_277,-8.233333333333333
5_1_382,-12.566666666666668
1_0_16,-11.966666666666667
4_5_290,-10.033333333333333
0_2_340,-11.466666666666667
6_2_130,-8.433333333333334
4_5_99,-9.933333333333332
1_0_84,-12.133333333333333
6_2_46,-12.5
1_6_119,-10.333333333333334
1_2_272,-12.133333333333333
6_0_290,-11.233333333333334
5_1_179,-12.466666666666669
1_3_45,-12.066666666666665
4_3_12,-12.4
6_4_106,-11.800000000000002
6_3_153,-12.0
0_3_323,-12.666666666666666
6_3_0,-9.8
2_6_125,-9.666666666666666
2_1_45,-11.966666666666667
1_1_23,-11.299999999999999
4_1_89,-11.800000000000002
3_3_119,-12.933333333333332
5_1_232,-13.666666666666666
6_6_39,-6.599999999999999
4_3_80,-11.566666666666665
6_4_169,-9.566666666666666
0_1_24,-13.366666666666667
1_4_160,-12.133333333333333
6_0_202,-10.866666666666667
6_1_164,-12.966666666666669
5_3_297,-11.333333333333334
4_5_404,-5.866666666666667
6_0_93,-11.9
1_3_312,-11.633333333333333
0_5_87,-11.0
0_5_15,-11.033333333333333
6_2_235,-11.200000000000001
5_3_121,-12.366666666666667
2_6_302,-8.266666666666667
5_0_67,-8.566666666666668
2_5_318,-9.266666666666667
6_3_374,-11.433333333333332
6_2_111,-11.533333333333333
6_2_3,-12.833333333333334
1_1_401,-11.800000000000002
0_0_259,-12.1
2_4_8,-10.466666666666667
0_1_318,-10.066666666666666
4_1_144,-9.333333333333334
1_5_71,-12.133333333333333
2_1_334,-11.533333333333333
3_0_35,-10.133333333333333
3_1_294,-11.6
0_3_167,-12.299999999999999
6_5_47,-11.833333333333334
3_5_401,-8.4
1_3_371,-12.266666666666666
0_5_19,-11.4
0_4_279,-12.0
6_1_223,-12.6
0_3_108,-15.833333333333334
0_2_390,-10.133333333333333
6_1_404,-6.066666666666666
5_4_185,-10.966666666666667
5_1_188,-10.766666666666666
6_3_286,-12.066666666666665
6_1_76,-12.466666666666667
0_1_47,-13.233333333333334
4_3_173,-11.966666666666667
6_6_388,-5.933333333333334
4_4_32,-11.5
1_4_98,-12.033333333333333
1_1_40,-13.133333333333333
2_2_242,-11.9
4_4_202,-10.733333333333334
5_0_310,-12.4
5_3_76,-12.1
3_3_115,-11.5
4_1_78,-12.700000000000001
5_3_398,-13.833333333333334
4_0_106,-13.1
5_2_224,-10.266666666666667
4_6_336,-6.633333333333333
3_4_299,-8.0
2_4_91,-10.699999999999998
0_2_125,-13.0
2_4_339,-10.333333333333334
4_1_363,-12.6
2_3_40,-14.266666666666667
4_3_71,-12.333333333333334
5_2_100,-12.966666666666667
0_5_319,-8.0
2_2_75,-12.5
3_2_119,-12.066666666666665
2_1_387,-11.733333333333334
0_1_356,-12.200000000000001
4_5_68,-7.666666666666667
0_1_339,-12.800000000000002
0_3_262,-13.800000000000002
0_2_86,-13.366666666666667
6_1_290,-11.700000000000001
0_5_57,-12.866666666666667
1_2_283,-12.1
6_5_106,-12.633333333333333
1_1_299,-11.966666666666667
0_0_386,-11.5
6_3_111,-11.433333333333332
4_0_127,-11.966666666666667
5_3_344,-12.200000000000001
5_3_57,-14.433333333333332
0_6_292,-7.333333333333333
2_6_243,-9.4
6_3_235,-10.766666666666667
2_4_318,-11.1
4_4_195,-10.433333333333332
1_4_122,-10.966666666666667
0_3_92,-12.833333333333334
2_1_284,-12.233333333333334
2_6_108,-8.866666666666667
4_4_13,-10.933333333333332
2_3_322,-11.633333333333333
6_6_86,-8.5
1_2_98,-12.733333333333334
2_4_202,-10.333333333333334
5_3_187,-11.5
5_2_35,-11.633333333333333
2_3_257,-10.666666666666666
4_5_217,-6.666666666666667
1_0_91,-10.633333333333333
0_2_62,-12.966666666666669
4_2_166,-12.433333333333332
0_2_355,-11.933333333333332
2_5_40,-9.133333333333333
6_2_125,-13.033333333333333
3_0_382,-11.733333333333334
0_4_241,-9.433333333333334
3_5_47,-9.200000000000001
2_0_106,-12.5
6_3_340,-10.966666666666669
5_4_264,-11.5
4_6_146,-10.266666666666666
5_1_9,-9.4
5_2_273,-11.566666666666668
5_5_102,-7.333333333333333
1_1_85,-9.833333333333334
4_1_334,-12.366666666666665
2_3_17,-11.0
0_1_82,-12.866666666666667
2_1_144,-10.6
0_1_107,-12.700000000000001
0_1_404,-7.7
1_2_364,-11.800000000000002
3_1_352,-8.866666666666667
5_2_138,-12.133333333333333
4_1_40,-12.666666666666666
0_1_223,-13.633333333333333
6_4_279,-10.700000000000001
1_4_270,-12.633333333333333
6_0_112,-12.266666666666666
6_3_108,-14.733333333333334
2_6_183,-9.700000000000001
0_2_374,-12.4
2_5_61,-10.566666666666666
5_0_72,-11.066666666666668
4_2_81,-14.733333333333334
0_3_111,-12.5
0_5_321,-10.1
0_0_25,-11.0
4_1_216,-12.633333333333333
5_5_304,-8.6
4_1_279,-12.633333333333333
3_1_270,-12.633333333333333
4_2_13,-12.366666666666665
1_6_209,-9.333333333333334
5_3_282,-12.566666666666668
5_1_324,-12.633333333333333
3_1_373,-12.533333333333333
1_4_188,-11.666666666666666
1_2_345,-9.0
5_1_400,-11.133333333333333
4_3_221,-11.566666666666668
5_2_119,-12.866666666666667
5_5_268,-10.333333333333334
1_3_204,-9.633333333333333
6_3_129,-11.666666666666666
1_3_120,-10.433333333333334
4_1_61,-11.666666666666666
0_1_202,-12.5
2_2_234,-10.3
0_1_290,-12.533333333333333
1_6_365,-9.333333333333334
0_2_277,-13.066666666666668
1_0_155,-11.933333333333332
0_6_72,-8.933333333333335
0_5_106,-14.533333333333333
0_4_363,-11.6
3_3_247,-8.766666666666667
6_1_339,-12.433333333333332
5_5_207,-10.166666666666666
6_3_262,-13.0
1_6_16,-11.633333333333333
5_2_115,-12.700000000000001
3_4_83,-10.799999999999999
2_1_106,-12.6
0_2_130,-8.833333333333334
0_6_182,-10.866666666666667
0_3_355,-12.133333333333333
6_3_125,-12.633333333333333
4_5_339,-10.433333333333334
0_2_214,-12.6
3_3_52,-12.6
5_3_3,-12.666666666666666
5_1_160,-9.933333333333334
2_3_215,-12.6
6_5_279,-10.333333333333332
6_2_108,-13.966666666666669
0_1_362,-9.6
6_1_112,-12.6
6_0_377,-9.266666666666666
3_0_352,-10.466666666666667
5_3_157,-10.433333333333332
3_5_117,-8.166666666666666
6_3_302,-8.1
3_0_20,-10.866666666666667
0_0_46,-11.866666666666667
4_1_151,-11.266666666666666
3_2_142,-11.533333333333331
4_0_16,-11.966666666666667
6_2_83,-12.133333333333333
0_1_8,-13.300000000000002
2_5_107,-9.9
5_1_265,-10.733333333333334
1_3_162,-9.866666666666667
1_1_89,-11.866666666666667
2_1_291,-10.3
2_1_12,-12.1
4_0_279,-12.033333333333333
4_4_180,-6.266666666666666
2_3_89,-9.833333333333334
1_3_2,-11.6
1_6_1,-10.4
6_1_386,-12.533333333333331
1_3_12,-12.0
2_3_74,-11.266666666666666
1_1_372,-13.533333333333333
0_5_260,-10.566666666666668
0_3_15,-12.766666666666666
5_3_351,-10.633333333333333
6_3_24,-12.233333333333334
4_6_302,-5.966666666666668
4_3_128,-10.166666666666666
0_6_379,-10.299999999999999
0_0_67,-10.366666666666667
4_6_125,-9.033333333333333
5_0_191,-7.466666666666666
6_2_262,-12.633333333333333
0_4_106,-12.6
0_2_359,-11.333333333333334
4_2_105,-11.466666666666667
4_5_274,-10.633333333333333
1_2_120,-12.1
5_3_119,-14.633333333333333
1_3_345,-11.966666666666669
5_1_5,-12.866666666666667
4_3_360,-10.1
6_5_27,-11.0
0_5_16,-12.200000000000001
0_3_404,-9.466666666666667
6_2_112,-12.833333333333334
1_6_270,-11.066666666666668
6_1_108,-13.933333333333332
6_6_279,-9.433333333333335
0_3_223,-13.200000000000001
3_4_395,-10.566666666666668
2_3_260,-10.533333333333333
1_2_174,-12.466666666666669
3_1_142,-12.033333333333333
2_2_321,-11.466666666666667
4_2_151,-11.766666666666666
2_6_393,-10.0
1_2_52,-13.5
6_0_90,-12.566666666666668
6_0_302,-6.633333333333333
3_0_100,-11.1
2_1_238,-9.200000000000001
5_1_231,-12.733333333333334
6_1_340,-11.133333333333333
0_1_27,-13.166666666666666
0_1_130,-11.066666666666668
2_2_106,-12.533333333333333
5_1_70,-12.300000000000002
3_2_382,-12.233333333333334
4_6_34,-10.366666666666667
6_3_274,-13.533333333333331
5_1_187,-11.766666666666666
6_4_105,-10.166666666666666
0_1_48,-13.4
3_3_251,-10.133333333333333
2_1_173,-11.9
6_2_335,-13.6
4_6_356,-7.7
1_4_228,-10.6
0_1_286,-13.133333333333333
1_3_159,-10.800000000000002
3_3_27,-10.833333333333334
5_3_16,-14.0
6_4_391,-11.333333333333334
2_2_300,-11.5
0_3_290,-11.833333333333334
2_3_241,-9.433333333333332
0_0_277,-12.666666666666666
5_2_309,-12.366666666666667
3_2_12,-13.4
4_2_254,-11.800000000000002
5_3_191,-9.9
1_3_330,-10.866666666666667
1_5_403,-7.566666666666666
2_2_1,-11.366666666666667
4_5_125,-10.0
0_0_80,-12.233333333333334
3_1_247,-11.433333333333332
0_5_379,-9.833333333333334
6_0_323,-12.766666666666666
4_3_387,-11.266666666666666
0_0_12,-13.266666666666666
3_2_232,-14.166666666666666
5_3_103,-11.433333333333332
5_3_400,-10.466666666666667
5_0_119,-12.299999999999999
1_1_120,-11.6
0_3_202,-12.533333333333333
6_4_303,-10.666666666666666
3_3_270,-13.199999999999998
4_4_108,-12.333333333333334
1_3_67,-11.6
4_3_279,-12.9
2_6_223,-8.666666666666666
0_3_60,-12.166666666666666
4_1_39,-10.9
5_6_12,-8.933333333333332
2_3_342,-11.033333333333333
6_0_407,-10.866666666666665
3_3_69,-9.733333333333333
5_0_351,-11.266666666666666
5_3_58,-11.300000000000002
2_1_67,-10.633333333333333
5_4_89,-11.799999999999999
4_3_216,-12.233333333333334
6_4_12,-11.766666666666667
6_2_386,-13.333333333333334
6_1_37,-12.5
6_1_302,-10.966666666666667
6_1_54,-12.833333333333334
0_1_98,-13.4
1_3_250,-11.199999999999998
0_4_40,-13.466666666666667
5_1_157,-10.299999999999999
6_4_71,-12.766666666666666
3_6_372,-6.833333333333333
4_3_151,-8.933333333333334
1_4_47,-11.833333333333334
2_4_21,-8.766666666666667
6_6_78,-8.700000000000001
3_6_40,-7.933333333333333
6_3_411,-13.866666666666665
1_0_101,-12.266666666666666
5_1_138,-12.233333333333334
3_4_49,-10.9
2_6_240,-9.566666666666666
2_6_47,-10.733333333333333
5_2_122,-12.066666666666668
4_2_181,-10.866666666666667
0_2_85,-9.633333333333333
4_0_21,-11.833333333333334
5_0_187,-11.766666666666666
5_5_350,-9.066666666666666
2_3_194,-10.699999999999998
0_3_145,-12.366666666666667
6_0_40,-12.566666666666665
0_6_392,-10.166666666666666
0_0_71,-13.233333333333334
4_3_376,-9.733333333333334
4_2_47,-11.166666666666666
3_0_78,-11.733333333333334
3_6_155,-7.1000000000000005
5_0_115,-11.933333333333332
5_2_40,-13.733333333333334
2_3_222,-10.0
5_1_370,-12.5
0_4_182,-12.4
4_4_323,-11.466666666666667
0_1_355,-12.466666666666667
5_3_75,-10.6
4_1_86,-11.666666666666666
2_0_388,-10.966666666666667
2_4_92,-10.733333333333334
4_0_105,-10.133333333333333
2_3_392,-10.3
4_1_360,-10.933333333333332
5_1_119,-10.3
0_4_61,-10.733333333333334
4_6_38,-9.566666666666666
5_4_36,-10.166666666666666
2_2_165,-12.433333333333332
6_1_75,-12.433333333333332
4_4_125,-11.1
2_3_300,-12.033333333333333
0_6_106,-11.466666666666667
0_1_277,-12.433333333333332
0_2_290,-12.300000000000002
2_2_241,-9.566666666666666
5_6_304,-7.933333333333334
6_3_386,-13.033333333333331
4_2_132,-10.366666666666667
4_0_92,-11.833333333333334
2_3_203,-12.799999999999999
5_1_351,-11.833333333333334
3_4_399,-9.299999999999999
1_2_178,-9.6
5_3_298,-12.566666666666668
4_5_108,-11.866666666666667
3_2_270,-12.666666666666666
2_3_148,-11.0
4_2_279,-12.933333333333332
6_2_255,-12.533333333333333
0_1_83,-12.300000000000002
2_3_16,-13.133333333333333
4_1_335,-13.533333333333333
0_2_173,-13.199999999999998
0_1_169,-12.966666666666667
1_1_79,-12.233333333333334
5_3_333,-12.166666666666666
5_6_119,-8.233333333333334
1_1_84,-12.033333333333333
0_1_5,-12.533333333333333
4_5_387,-8.5
5_1_207,-12.300000000000002
2_6_182,-9.799999999999999
0_0_363,-12.5
2_3_355,-12.266666666666667
4_3_125,-11.200000000000001
1_1_16,-12.166666666666666
0_3_18,-12.733333333333334
0_5_290,-10.733333333333334
0_1_106,-14.266666666666666
0_1_321,-12.633333333333333
3_1_174,-11.200000000000001
5_1_304,-12.966666666666667
5_2_34,-13.433333333333332
1_1_158,-11.733333333333334
3_0_311,-10.633333333333333
6_1_288,-12.933333333333332
4_2_243,-12.466666666666667
1_5_117,-10.966666666666667
0_5_301,-10.366666666666667
5_0_52,-12.266666666666666
2_0_107,-8.799999999999999
5_5_324,-11.066666666666668
4_5_279,-8.866666666666667
4_2_108,-13.200000000000001
5_3_230,-12.833333333333334
2_1_362,-8.200000000000001
2_2_235,-10.366666666666667
0_3_39,-11.966666666666667
5_1_226,-12.833333333333334
4_5_334,-10.5
2_3_389,-11.533333333333333
1_4_12,-11.166666666666666
4_4_7,-11.766666666666666
3_3_229,-11.299999999999999
2_2_111,-12.233333333333334
4_1_386,-12.366666666666667
6_1_357,-8.666666666666666
6_4_24,-12.133333333333333
0_4_15,-11.766666666666666
3_2_395,-11.700000000000001
0_2_0,-10.1
2_6_12,-10.200000000000001
6_4_411,-12.633333333333333
0_4_362,-9.700000000000001
1_3_297,-8.799999999999999
1_0_270,-12.366666666666665
1_3_369,-11.966666666666667
3_3_345,-10.366666666666667
6_5_150,-8.5
4_2_80,-11.866666666666667
5_4_244,-10.200000000000001
6_0_387,-10.833333333333334
2_2_359,-10.4
2_0_202,-11.033333333333333
5_4_160,-9.066666666666666
6_5_274,-11.1
2_3_218,-11.233333333333334
3_1_155,-11.433333333333332
5_1_325,-10.866666666666667
3_2_24,-11.566666666666668
2_0_290,-10.4
6_1_170,-9.933333333333334
1_5_69,-11.033333333333333
5_3_283,-12.200000000000001
4_3_323,-12.166666666666666
4_2_12,-13.766666666666667
6_0_87,-10.200000000000001
4_2_262,-12.866666666666667
1_5_136,-9.266666666666667
0_4_290,-10.966666666666669
1_0_382,-11.733333333333334
6_3_391,-12.833333333333334
2_2_40,-12.800000000000002
2_2_355,-9.033333333333333
0_1_363,-13.333333333333334
4_2_125,-12.666666666666666
6_2_109,-12.833333333333334
4_0_78,-11.6
1_2_403,-13.233333333333334
5_4_191,-9.200000000000001
5_1_329,-11.5
3_4_373,-11.366666666666667
1_0_40,-12.666666666666666
1_5_98,-11.200000000000001
4_1_150,-11.633333333333333
1_1_251,-11.800000000000002
4_0_335,-8.633333333333333
6_3_303,-10.5
6_6_129,-8.4
0_3_173,-12.800000000000002
0_4_202,-11.433333333333332
5_3_62,-11.866666666666667
2_1_223,-12.733333333333334
4_4_279,-12.0
3_4_270,-11.833333333333334
4_0_411,-11.4
4_3_108,-14.266666666666666
2_3_378,-9.633333333333333
4_1_377,-10.833333333333334
5_2_114,-12.6
4_6_40,-10.200000000000001
6_4_47,-12.633333333333333
4_3_243,-11.833333333333334
3_1_311,-11.299999999999999
6_1_334,-12.333333333333334
6_5_386,-9.299999999999999
0_2_287,-12.833333333333334
5_0_304,-9.0
3_6_209,-8.733333333333333
0_2_92,-12.6
6_1_284,-11.966666666666667
6_1_279,-12.466666666666669
1_1_270,-13.1
0_0_148,-12.799999999999999
6_6_108,-6.833333333333333
2_3_183,-10.700000000000001
2_2_61,-12.166666666666666
3_1_233,-11.133333333333333
6_0_38,-11.1
2_5_321,-10.1
3_0_372,-8.200000000000001
1_3_344,-11.933333333333332
5_5_86,-9.100000000000001
5_0_401,-11.799999999999999
0_5_9,-9.833333333333334
5_2_57,-12.766666666666667
2_1_393,-11.833333333333334
0_1_198,-13.5
2_4_363,-10.766666666666666
4_1_339,-12.366666666666667
0_1_165,-11.0
0_2_182,-14.566666666666668
4_0_285,-12.666666666666666
4_3_262,-12.533333333333331
0_4_57,-13.200000000000001
5_1_140,-10.299999999999999
2_2_277,-11.766666666666666
2_1_290,-11.066666666666668
1_4_50,-11.266666666666667
4_3_146,-11.066666666666668
2_3_336,-9.933333333333334
4_4_68,-8.133333333333335
2_3_359,-9.1
0_3_14,-12.533333333333333
5_6_187,-9.033333333333333
5_2_135,-10.166666666666666
2_1_126,-10.9
6_1_387,-11.833333333333334
1_2_352,-11.800000000000002
1_3_213,-14.300000000000002
5_6_298,-8.666666666666666
3_1_40,-12.866666666666665
2_2_107,-12.0
3_6_91,-6.433333333333334
4_0_108,-12.033333333333331
5_1_230,-13.300000000000002
4_3_411,-12.633333333333333
6_0_124,-12.133333333333333
1_4_246,-9.933333333333332
2_6_148,-9.7
2_2_223,-12.166666666666666
5_3_396,-12.066666666666668
5_0_371,-12.833333333333334
5_3_304,-12.233333333333333
3_3_174,-10.800000000000002
0_3_40,-15.700000000000001
0_6_98,-10.333333333333334
4_1_302,-8.966666666666667
2_3_21,-11.066666666666668
6_1_85,-11.299999999999999
0_4_91,-11.700000000000001
4_3_259,-12.466666666666667
0_3_222,-10.700000000000001
1_1_403,-11.9
0_1_379,-13.233333333333334
4_1_125,-11.799999999999999
0_2_363,-13.333333333333334
2_1_355,-11.133333333333333
0_3_106,-14.966666666666669
5_5_40,-8.9
1_0_365,-9.066666666666666
6_5_49,-9.700000000000001
6_0_91,-10.833333333333334
6_5_129,-9.766666666666666
6_0_303,-11.4
0_3_169,-13.233333333333334
2_6_392,-9.1
5_4_119,-11.566666666666668
0_2_54,-13.200000000000001
1_1_192,-11.266666666666666
5_2_329,-11.633333333333333
0_3_300,-13.4
2_0_336,-10.700000000000001
5_2_299,-13.233333333333334
3_6_22,-6.666666666666667
5_3_36,-10.633333333333333
2_2_290,-11.233333333333334
4_1_38,-11.766666666666666
5_5_115,-10.1
5_2_140,-10.066666666666668
4_3_278,-11.966666666666667
0_1_95,-12.700000000000001
6_4_125,-11.666666666666666
4_2_339,-12.5
0_4_355,-11.566666666666668
2_3_3,-11.200000000000001
2_3_92,-9.733333333333333
0_1_110,-10.933333333333332
4_6_86,-8.166666666666666
4_3_217,-12.966666666666667
3_3_68,-9.799999999999999
5_0_350,-11.133333333333333
0_3_392,-11.933333333333332
0_6_362,-8.866666666666667
1_2_270,-13.233333333333334
2_2_0,-8.033333333333333
6_2_284,-9.933333333333334
1_4_399,-11.033333333333333
6_1_147,-11.9
2_5_38,-9.833333333333332
6_4_302,-9.5
2_1_374,-10.4
1_6_189,-7.733333333333333
3_0_75,-10.9
3_1_229,-11.433333333333332
0_0_70,-11.966666666666667
5_0_27,-12.1
4_0_302,-10.6
6_3_334,-11.4
4_1_243,-12.200000000000001
5_5_351,-10.166666666666666
3_3_311,-8.866666666666667
6_2_48,-12.1
5_2_304,-12.833333333333334
0_2_321,-12.533333333333333
2_2_362,-8.4
3_6_270,-9.033333333333333
4_1_108,-12.9
5_1_371,-13.133333333333333
0_2_16,-13.466666666666667
4_6_279,-8.466666666666667
2_3_223,-12.866666666666665
5_6_324,-10.333333333333334
3_0_399,-10.433333333333332
4_2_46,-11.833333333333334
3_1_5,-11.766666666666666
3_4_228,-10.666666666666666
0_6_48,-10.833333333333334
0_0_316,-13.066666666666668
0_1_257,-13.1
1_5_345,-9.066666666666666
5_3_329,-10.9
5_5_119,-6.266666666666667
3_5_369,-10.433333333333334
5_4_16,-12.666666666666666
6_3_258,-12.0
0_6_202,-9.0
0_1_99,-13.833333333333334
0_2_169,-14.133333333333335
3_0_267,-10.166666666666666
0_4_359,-11.133333333333333
0_2_106,-13.9
4_4_197,-10.566666666666666
0_5_277,-11.033333333333333
3_3_136,-9.133333333333333
5_6_191,-6.933333333333334
2_1_97,-11.700000000000001
4_0_125,-11.533333333333333
6_6_16,-11.233333333333333
0_3_363,-13.1
4_5_242,-9.566666666666666
5_1_350,-12.533333333333333
5_4_187,-10.9
0_1_388,-7.8
6_3_387,-12.1
3_5_12,-10.933333333333332
5_3_140,-10.299999999999999
3_1_296,-10.266666666666667
2_6_363,-8.333333333333334
0_3_198,-13.266666666666666
0_5_355,-10.6
5_2_401,-11.133333333333333
6_2_357,-8.133333333333333
4_2_386,-9.6
2_1_111,-11.700000000000001
6_3_12,-11.766666666666666
3_3_117,-9.0
5_3_367,-12.133333333333333
5_3_89,-12.4
2_2_240,-12.299999999999999
5_5_138,-10.566666666666666
3_5_348,-9.133333333333333
6_5_390,-7.8
6_0_147,-11.200000000000001
5_1_12,-12.233333333333334
1_3_270,-14.666666666666666
0_2_148,-13.5
6_4_108,-12.633333333333333
0_1_45,-13.233333333333334
6_3_279,-12.700000000000001
2_3_179,-12.200000000000001
6_3_325,-8.633333333333333
2_5_349,-7.533333333333334
4_3_9,-12.133333333333333
4_2_191,-10.5
5_4_125,-11.6
3_4_355,-10.266666666666667
0_3_271,-12.6
6_5_231,-9.833333333333334
4_6_295,-10.5
4_1_119,-12.733333333333333
2_4_143,-8.233333333333334
5_1_3,-12.300000000000002
5_0_105,-10.333333333333332
5_0_406,-11.933333333333332
3_3_148,-11.566666666666668
2_2_270,-12.533333333333333
6_6_68,-5.966666666666666
5_2_284,-12.0
5_1_263,-12.700000000000001
5_2_279,-10.433333333333332
0_2_178,-12.233333333333334
3_0_276,-9.866666666666667
6_1_44,-12.033333333333333
0_1_75,-13.233333333333334
1_3_86,-11.566666666666665
6_1_312,-11.866666666666667
5_5_3,-10.966666666666669
1_2_301,-10.966666666666667
5_1_147,-11.933333333333332
4_3_298,-11.800000000000002
5_2_132,-9.733333333333334
6_3_226,-11.966666666666667
4_6_66,-8.333333333333334
6_4_157,-9.1
3_3_203,-10.833333333333334
1_3_4,-10.666666666666666
1_4_287,-11.633333333333333
3_6_50,-10.200000000000001
0_3_13,-12.0
3_3_75,-11.533333333333333
2_1_86,-11.5
5_5_167,-10.266666666666667
0_1_364,-13.0
2_2_352,-11.066666666666668
4_1_138,-11.133333333333333
3_2_40,-13.133333333333333
5_2_71,-13.366666666666667
1_6_148,-9.966666666666667
1_1_239,-12.133333333333333
2_3_137,-9.933333333333332
3_0_49,-10.766666666666666
0_0_101,-12.866666666666667
6_0_371,-12.433333333333332
2_2_47,-11.933333333333332
5_0_78,-12.5
1_2_223,-12.866666666666665
0_0_40,-13.200000000000001
6_3_304,-12.199999999999998
0_3_174,-12.6
0_0_193,-11.933333333333332
5_3_151,-11.833333333333334
0_3_250,-12.033333333333333
5_2_334,-12.866666666666665
5_4_407,-10.033333333333333
6_1_186,-12.4
4_1_157,-10.666666666666666
6_4_176,-11.366666666666665
3_3_222,-9.4
1_1_355,-11.333333333333334
1_0_1,-11.633333333333333
5_3_98,-11.9
0_3_32,-12.733333333333334
5_6_40,-10.066666666666666
6_6_309,-7.166666666666667
5_6_6,-9.0
4_5_350,-8.533333333333333
4_0_187,-10.666666666666666
4_4_21,-11.1
2_1_35,-10.966666666666667
6_4_40,-12.200000000000001
2_5_204,-9.766666666666666
5_2_181,-11.333333333333334
2_2_188,-12.699999999999998
3_0_257,-10.733333333333334
6_4_119,-12.766666666666666
3_1_32,-12.766666666666667
0_4_369,-11.833333333333334
4_1_3,-11.766666666666666
0_4_12,-12.066666666666668
5_3_387,-12.133333333333333
4_0_119,-12.366666666666667
5_1_221,-12.566666666666668
6_6_305,-9.5
0_6_188,-9.799999999999999
0_3_330,-11.133333333333333
5_5_125,-11.200000000000001
0_3_51,-11.699999999999998
1_1_336,-11.866666666666667
5_4_340,-10.066666666666666
6_3_264,-12.233333333333333
6_0_283,-10.933333333333332
1_0_277,-11.066666666666668
1_3_290,-10.1
0_1_58,-11.966666666666667
6_4_115,-11.566666666666668
0_1_395,-13.0
5_4_167,-10.666666666666666
1_2_408,-11.4
3_0_358,-7.966666666666666
5_5_51,-10.433333333333334
6_5_37,-11.033333333333331
6_5_157,-4.8999999999999995
6_0_12,-11.166666666666666
0_3_117,-12.466666666666667
4_2_87,-10.6
6_0_80,-12.533333333333333
2_2_24,-11.433333333333332
2_6_383,-9.033333333333333
6_3_308,-12.733333333333334
6_5_58,-9.8
5_4_108,-13.233333333333334
3_2_23,-9.966666666666667
5_2_12,-12.833333333333334
2_0_297,-9.799999999999999
3_2_148,-11.433333333333332
5_3_279,-11.6
5_3_27,-10.233333333333333
5_5_407,-10.266666666666666
3_3_16,-12.533333333333333
2_0_327,-10.833333333333334
0_1_2,-11.833333333333334
5_2_275,-12.1
6_2_304,-12.833333333333334
3_3_260,-9.799999999999999
2_2_158,-11.233333333333334
3_0_287,-11.033333333333333
1_1_378,-10.033333333333333
0_1_16,-13.700000000000001
5_1_200,-12.233333333333334
4_3_122,-11.4
4_2_6,-11.933333333333332
6_4_282,-11.5
3_0_316,-11.1
5_3_181,-8.9
4_2_244,-12.933333333333332
5_6_356,-8.633333333333333
6_5_119,-10.4
0_5_369,-11.6
0_3_159,-11.566666666666668
2_5_345,-8.999999999999998
6_3_329,-11.0
6_1_156,-12.333333333333334
4_4_350,-12.166666666666666
5_1_303,-11.266666666666666
5_2_319,-9.333333333333334
5_4_146,-11.799999999999999
3_2_90,-10.966666666666669
1_6_241,-6.2
4_1_115,-12.066666666666668
6_6_191,-7.166666666666667
2_0_403,-8.499999999999998
4_3_397,-8.700000000000001
0_5_27,-11.233333333333334
6_2_207,-12.5
5_5_323,-11.333333333333334
4_1_231,-11.199999999999998
4_3_351,-10.633333333333333
4_2_60,-11.200000000000001
5_3_128,-10.566666666666666
0_4_158,-12.866666666666665
6_1_401,-12.466666666666667
0_4_137,-12.0
5_0_279,-12.233333333333334
6_1_190,-11.9
1_0_51,-12.166666666666666
3_3_337,-11.533333333333333
0_3_345,-12.033333333333333
4_4_58,-10.9
5_2_221,-12.833333333333334
4_3_119,-13.733333333333334
5_3_73,-11.033333333333333
4_1_80,-11.866666666666665
1_0_126,-11.266666666666666
6_4_244,-11.666666666666666
1_4_169,-10.033333333333333
4_6_51,-8.366666666666665
1_2_359,-10.766666666666666
1_3_23,-11.333333333333334
1_0_202,-11.233333333333334
6_4_160,-8.733333333333334
3_1_24,-11.866666666666667
1_4_106,-11.666666666666666
6_0_299,-10.9
1_2_336,-10.700000000000001
5_6_125,-10.366666666666665
6_3_87,-9.566666666666666
4_1_12,-13.200000000000001
1_4_60,-10.799999999999999
4_4_37,-9.533333333333333
6_6_119,-9.1
4_0_305,-10.566666666666666
6_2_272,-11.966666666666667
0_4_232,-13.233333333333334
1_3_355,-11.366666666666667
1_2_16,-12.033333333333333
2_3_403,-11.1
6_4_309,-10.866666666666667
6_2_139,-12.566666666666668
6_6_252,-9.466666666666667
1_6_48,-10.133333333333333
3_1_321,-10.1
6_1_52,-10.200000000000001
5_1_34,-13.299999999999999
3_3_287,-10.933333333333332
3_0_260,-10.266666666666667
0_1_174,-12.6
2_2_142,-11.466666666666667
0_2_193,-12.133333333333333
6_1_304,-12.466666666666667
1_3_90,-12.666666666666666
5_1_288,-12.766666666666666
5_0_334,-11.966666666666667
6_3_34,-12.966666666666669
6_4_298,-11.799999999999999
4_0_122,-8.366666666666665
0_3_364,-12.833333333333334
3_6_46,-9.533333333333333
6_5_324,-11.799999999999999
5_2_200,-11.9
6_2_371,-13.466666666666667
1_3_239,-11.533333333333333
1_0_223,-11.9
2_3_99,-11.5
2_6_22,-9.533333333333333
6_0_0,-9.966666666666667
0_1_92,-13.0
1_3_61,-12.0
6_1_308,-12.866666666666667
6_6_72,-8.5
5_1_279,-12.9
5_6_108,-7.6000000000000005
1_0_164,-12.533333333333333
0_2_246,-12.1
0_1_233,-12.466666666666667
5_1_57,-12.966666666666667
1_4_144,-10.766666666666666
3_2_358,-12.533333333333333
1_2_374,-12.200000000000001
5_2_25,-11.566666666666665
4_2_176,-12.933333333333332
4_1_191,-11.299999999999999
1_2_277,-12.466666666666669
1_1_290,-11.533333333333333
1_3_336,-11.566666666666668
5_5_335,-11.0
1_3_359,-9.200000000000001
5_5_66,-8.833333333333334
0_0_14,-13.1
3_0_72,-10.033333333333333
6_3_350,-12.233333333333334
0_4_175,-11.700000000000001
4_2_119,-12.1
4_1_400,-11.266666666666666
5_3_221,-12.5
3_5_261,-9.266666666666667
0_2_345,-13.933333333333332
5_1_387,-12.1
1_0_13,-11.766666666666666
6_3_139,-12.033333333333333
4_3_115,-11.733333333333334
1_4_241,-8.533333333333333
4_4_54,-11.5
2_1_40,-12.266666666666666
6_0_207,-11.833333333333334
2_6_91,-9.833333333333334
2_2_403,-12.4
3_0_222,-10.200000000000001
4_3_78,-10.0
3_1_47,-10.866666666666667
1_3_40,-14.700000000000001
6_4_400,-10.800000000000002
4_3_17,-11.733333333333334
3_3_257,-11.366666666666665
0_5_232,-14.333333333333334
5_3_303,-11.066666666666668
0_3_326,-11.433333333333332
6_6_53,-10.299999999999999
2_0_310,-11.466666666666669
4_3_187,-11.4
1_1_223,-13.033333333333331
6_0_396,-10.4
0_4_270,-13.200000000000001
2_0_213,-11.899999999999999
6_2_6,-12.700000000000001
4_5_40,-11.633333333333333
1_5_85,-10.233333333333334
5_1_334,-12.266666666666666
0_0_174,-12.533333333333333
3_2_287,-11.666666666666666
5_1_146,-12.6
5_0_1,-11.933333333333332
3_3_290,-9.633333333333333
6_2_309,-12.033333333333333
6_3_191,-10.666666666666666
3_5_379,-9.266666666666667
0_2_232,-14.700000000000001
0_3_12,-13.266666666666666
6_4_272,-11.5
5_3_356,-11.366666666666667
3_3_89,-9.666666666666666
6_0_119,-11.9
6_4_156,-12.199999999999998
4_1_350,-10.533333333333333
3_2_164,-13.433333333333332
0_3_270,-14.6
4_3_8,-11.300000000000002
6_4_371,-11.933333333333332
2_3_185,-10.966666666666667
0_5_364,-11.833333333333334
1_2_6,-12.466666666666667
5_5_12,-12.033333333333331
6_2_298,-12.933333333333332
4_1_253,-9.633333333333333
4_2_226,-11.666666666666666
5_5_80,-10.433333333333334
2_2_67,-10.366666666666665
5_0_58,-11.466666666666669
1_1_219,-12.200000000000001
4_5_87,-9.366666666666667
4_2_401,-12.666666666666666
5_2_386,-13.0
4_6_324,-9.166666666666666
0_6_16,-11.0
0_3_352,-11.833333333333334
5_3_377,-10.366666666666665
6_3_206,-11.433333333333332
5_1_108,-13.733333333333334
5_2_112,-12.766666666666666
2_6_270,-10.266666666666666
5_6_279,-6.666666666666667
3_3_223,-12.5
3_0_239,-9.299999999999999
4_1_371,-12.4
6_1_99,-12.366666666666667
4_2_304,-12.299999999999999
2_2_174,-11.666666666666666
6_2_328,-12.333333333333334
3_4_16,-11.1
0_5_229,-10.4
6_3_90,-13.6
3_3_195,-7.466666666666666
5_0_302,-6.633333333333333
6_6_140,-7.766666666666666
0_0_403,-7.900000000000001
0_3_9,-14.166666666666666
2_3_136,-9.299999999999999
6_0_370,-9.4
6_2_16,-12.700000000000001
5_4_197,-11.200000000000001
5_1_340,-11.133333333333333
1_2_106,-12.933333333333332
0_1_398,-13.966666666666667
2_1_326,-11.0
5_3_274,-11.866666666666667
6_4_350,-12.4
1_1_173,-12.433333333333332
0_2_48,-13.199999999999998
0_3_251,-13.0
6_2_244,-12.6
4_5_119,-9.366666666666667
5_0_16,-11.566666666666668
0_3_175,-12.0
0_5_345,-8.9
5_0_75,-11.866666666666665
4_0_350,-12.5
5_3_133,-10.3
1_3_392,-9.533333333333333
5_5_50,-10.566666666666666
4_1_211,-9.966666666666667
0_3_232,-14.6
5_2_81,-13.866666666666665
0_1_394,-12.6
0_2_373,-13.133333333333333
6_1_119,-13.533333333333333
5_3_217,-13.266666666666666
6_2_400,-11.566666666666668
0_1_369,-14.033333333333333
5_3_285,-12.9
6_2_191,-8.866666666666665
5_2_339,-12.133333333333333
5_2_13,-12.166666666666666
5_1_323,-13.133333333333333
6_6_207,-8.866666666666667
4_1_283,-12.200000000000001
3_6_106,-10.133333333333333
5_0_146,-12.266666666666667
3_4_287,-10.666666666666666
5_3_95,-12.366666666666667
3_3_408,-11.300000000000002
2_5_266,-8.0
1_1_358,-12.766666666666666
5_1_407,-11.566666666666668
1_0_219,-11.466666666666669
1_0_276,-11.666666666666666
2_2_178,-11.1
0_1_59,-13.033333333333333
6_0_282,-12.566666666666668
4_0_253,-11.933333333333332
0_2_6,-13.233333333333334
6_3_298,-12.766666666666667
0_2_270,-14.866666666666665
3_3_36,-10.266666666666667
3_0_183,-9.966666666666667
6_3_61,-12.466666666666667
1_4_239,-11.666666666666666
6_6_44,-8.833333333333334
5_2_318,-11.9
5_1_302,-10.333333333333334
2_5_344,-10.366666666666667
0_0_91,-12.200000000000001
6_3_328,-11.666666666666666
6_6_401,-6.8
1_3_321,-9.533333333333333
5_3_180,-10.066666666666668
6_2_269,-12.733333333333334
3_5_40,-7.133333333333333
3_5_152,-10.699999999999998
5_0_108,-12.333333333333334
3_1_239,-11.133333333333333
4_0_371,-12.799999999999999
0_2_352,-12.266666666666666
5_1_390,-10.3
5_2_377,-10.799999999999999
0_0_0,-10.333333333333334
0_0_209,-12.200000000000001
0_3_213,-15.300000000000002
6_3_244,-11.9
4_0_272,-11.533333333333333
0_2_188,-11.6
2_2_159,-11.066666666666665
4_4_119,-9.266666666666667
0_2_175,-12.4
0_4_0,-9.633333333333333
5_5_105,-8.266666666666667
2_1_267,-11.633333333333333
0_3_71,-12.699999999999998
1_1_82,-12.166666666666666
1_3_194,-9.766666666666667
3_3_145,-12.466666666666669
6_3_40,-15.033333333333333
1_3_106,-12.833333333333334
0_1_224,-8.233333333333334
2_1_76,-11.966666666666667
0_1_100,-13.166666666666666
4_2_346,-10.766666666666666
3_1_71,-12.766666666666666
5_1_40,-13.766666666666666
0_1_403,-13.4
0_4_32,-12.333333333333334
5_1_125,-12.633333333333333
5_5_288,-9.866666666666667
3_4_144,-9.866666666666665
3_2_374,-10.799999999999999
3_3_111,-11.966666666666667
5_0_386,-11.766666666666666
5_3_361,-11.0
0_3_344,-12.6
1_4_223,-11.799999999999999
1_4_61,-8.966666666666667
3_3_183,-10.033333333333333
1_0_148,-11.933333333333332
0_1_270,-14.233333333333334
3_2_6,-11.633333333333333
6_4_57,-12.6
2_1_178,-11.133333333333333
6_1_400,-11.333333333333334
6_2_119,-13.233333333333334
2_3_204,-9.1
3_1_126,-9.833333333333334
3_5_169,-10.433333333333334
3_1_202,-11.666666666666666
4_3_350,-12.366666666666667
4_2_61,-11.700000000000001
0_0_184,-12.0
4_0_325,-9.766666666666667
0_0_57,-12.233333333333334
1_0_300,-9.566666666666668
1_1_165,-12.733333333333334
1_6_214,-10.033333333333333
2_5_13,-10.033333333333333
1_5_75,-11.433333333333332
5_3_262,-12.6
4_1_32,-13.233333333333334
2_1_280,-8.9
2_2_267,-11.200000000000001
6_6_350,-9.166666666666666
1_4_40,-13.366666666666667
0_1_175,-12.1
0_1_188,-13.299999999999999
6_3_231,-11.799999999999999
0_6_296,-9.700000000000001
1_1_363,-12.299999999999999
2_6_40,-10.266666666666667
5_2_125,-12.9
0_2_403,-12.766666666666666
4_4_78,-11.366666666666665
0_3_398,-14.633333333333335
6_3_115,-11.9
5_6_76,-9.1
1_4_290,-10.6
0_2_224,-9.633333333333333
5_0_21,-11.6
6_0_47,-12.133333333333333
2_0_174,-11.233333333333334
4_0_304,-11.833333333333334
6_5_401,-9.799999999999999
6_0_328,-8.566666666666666
1_2_287,-12.233333333333334
1_1_260,-10.933333333333332
2_1_311,-11.766666666666667
2_5_32,-10.966666666666667
2_0_78,-10.866666666666665
3_5_3,-9.966666666666667
0_3_209,-12.166666666666666
5_1_377,-11.033333333333333
6_1_122,-12.233333333333334
1_2_17,-12.233333333333334
5_4_279,-11.166666666666666
4_2_40,-13.366666666666667
5_3_108,-14.566666666666665
6_1_206,-12.066666666666665
1_5_164,-12.699999999999998
4_2_253,-10.833333333333334
6_1_265,-10.433333333333334
6_1_298,-13.0
2_2_12,-12.233333333333334
2_5_352,-9.266666666666667
2_2_307,-11.199999999999998
1_1_148,-12.366666666666667
3_1_164,-11.366666666666667
1_0_12,-12.066666666666668
5_2_361,-12.533333333333333
5_1_386,-12.666666666666666
2_2_395,-11.866666666666667
6_4_304,-11.5
5_4_275,-11.366666666666667
3_2_235,-10.1
1_3_358,-12.6
5_0_339,-11.266666666666666
5_3_323,-12.233333333333334
3_3_277,-11.200000000000001
0_1_179,-13.133333333333333
1_3_60,-11.666666666666666
4_6_12,-9.633333333333333
4_0_299,-8.633333333333333
5_1_133,-11.733333333333334
5_2_129,-12.0
4_6_80,-9.966666666666667
4_3_58,-10.966666666666667
6_3_119,-13.366666666666667
6_4_295,-13.0
0_1_232,-14.366666666666665
1_5_16,-12.033333333333333
1_5_290,-10.666666666666666
2_1_353,-8.433333333333332
1_1_106,-13.033333333333333
5_2_340,-11.166666666666666
5_3_125,-10.9
6_2_231,-12.700000000000001
6_3_370,-11.866666666666665
0_3_403,-11.433333333333332
1_1_222,-9.433333333333332
4_6_119,-7.033333333333334
0_5_83,-11.299999999999999
5_6_360,-9.066666666666666
4_2_272,-12.733333333333334
1_1_169,-9.533333333333333
2_0_280,-10.800000000000002
5_0_274,-12.933333333333332
2_2_326,-9.633333333333333
6_2_187,-12.300000000000002
0_1_137,-13.266666666666667
5_5_279,-9.166666666666666
2_3_48,-11.333333333333334
3_4_148,-10.766666666666666
2_5_270,-11.700000000000001
2_6_90,-9.033333333333333
5_4_52,-11.733333333333334
5_2_108,-12.766666666666666
4_1_70,-11.700000000000001
6_3_18,-11.733333333333334
3_4_291,-8.266666666666666
6_6_312,-8.933333333333334
5_1_259,-11.566666666666668
5_5_132,-9.6
1_1_48,-12.0
1_4_408,-11.1
1_1_321,-9.8
4_3_16,-12.799999999999999
1_3_287,-12.1
0_2_142,-13.4
2_2_193,-9.366666666666667
2_1_174,-8.333333333333334
2_3_27,-11.466666666666667
4_0_12,-12.633333333333333
3_3_323,-11.766666666666666
0_5_346,-11.1
5_4_222,-10.533333333333333
6_5_159,-9.1
4_5_188,-8.833333333333334
4_3_345,-12.166666666666666
0_6_9,-8.733333333333333
0_3_119,-15.200000000000001
6_1_232,-13.5
0_4_268,-11.933333333333332
5_2_359,-11.1
4_0_80,-11.733333333333334
5_2_4,-11.800000000000002
2_2_350,-12.233333333333334
1_5_274,-9.633333333333333
2_4_160,-11.4
5_0_202,-11.466666666666669
1_0_284,-12.066666666666665
1_0_279,-12.0
5_6_215,-9.5
0_2_9,-15.533333333333331
6_3_297,-10.866666666666667
6_0_270,-12.5
0_2_282,-13.266666666666666
1_1_51,-12.733333333333334
2_1_249,-10.9
6_3_93,-11.633333333333335
1_4_89,-11.166666666666666
4_0_117,-9.966666666666667
6_6_24,-7.900000000000001
0_6_15,-10.766666666666667
5_3_67,-8.866666666666667
2_1_226,-11.766666666666667
1_3_128,-10.933333333333332
4_3_229,-11.966666666666667
1_6_12,-10.433333333333334
5_2_111,-10.766666666666666
4_2_395,-12.733333333333334
5_6_287,-9.633333333333333
2_1_102,-11.233333333333334
5_1_93,-11.933333333333332
5_5_83,-8.700000000000001
5_1_1,-13.133333333333333
0_3_138,-12.5
6_3_348,-12.266666666666666
4_3_399,-9.866666666666665
6_1_137,-13.033333333333333
2_1_396,-11.233333333333334
3_5_279,-10.266666666666667
3_1_112,-11.466666666666667
5_1_362,-8.566666666666666
6_2_34,-13.633333333333333
5_2_52,-13.566666666666668
3_2_108,-12.866666666666665
1_4_386,-11.800000000000002
4_5_16,-12.199999999999998
0_4_401,-11.466666666666667
2_1_304,-11.799999999999999
4_1_174,-11.700000000000001
2_5_27,-9.766666666666666
6_2_142,-12.9
6_5_117,-10.333333333333334
1_1_288,-10.6
5_0_34,-12.5
6_0_52,-9.7
5_5_342,-10.533333333333333
4_2_8,-11.866666666666665
5_3_355,-11.5
5_5_165,-10.800000000000002
3_4_254,-9.700000000000001
6_3_403,-11.566666666666668
1_3_16,-13.866666666666667
6_1_29,-12.066666666666668
0_2_115,-13.0
2_2_139,-12.0
3_2_340,-10.533333333333333
2_6_252,-8.833333333333334
0_5_299,-11.566666666666665
5_0_2,-10.466666666666667
5_4_392,-11.033333333333333
3_4_34,-11.466666666666669
4_5_373,-10.633333333333333
2_6_119,-7.9333333333333345
2_3_333,-11.4
0_0_305,-11.799999999999999
6_3_192,-11.066666666666665
2_1_295,-12.700000000000001
0_3_83,-12.933333333333332
5_6_110,-9.1
2_2_211,-10.666666666666666
4_1_44,-11.0
5_1_202,-12.633333333333333
5_6_92,-8.766666666666667
0_2_119,-13.733333333333334
4_2_345,-12.0
2_3_81,-10.433333333333334
6_0_232,-13.0
1_1_387,-12.333333333333334
3_4_38,-10.566666666666666
0_1_86,-13.066666666666668
2_3_13,-10.700000000000001
1_0_254,-12.0
4_0_155,-8.733333333333334
5_2_277,-13.166666666666666
3_0_386,-11.033333333333333
1_1_216,-11.566666666666668
5_4_260,-9.033333333333333
6_3_344,-12.766666666666666
5_0_57,-12.1
4_1_117,-11.833333333333334
4_0_50,-11.4
3_4_334,-10.966666666666669
2_0_226,-11.666666666666666
0_0_3,-12.166666666666666
6_2_38,-12.633333333333333
5_1_301,-10.366666666666665
5_0_240,-7.633333333333333
2_4_122,-10.166666666666666
4_2_36,-11.966666666666669
5_0_38,-11.733333333333334
3_1_255,-11.766666666666666
1_2_61,-12.5
1_6_108,-8.333333333333334
1_5_411,-12.333333333333334
1_2_9,-12.666666666666666
6_1_270,-12.9
0_2_157,-11.166666666666666
2_3_32,-11.466666666666669
1_1_334,-12.1
0_2_273,-12.733333333333334
0_3_332,-10.966666666666667
1_4_78,-11.366666666666667
5_6_21,-10.033333333333333
6_6_47,-9.333333333333334
4_0_174,-8.9
0_5_102,-10.666666666666666
3_4_279,-9.166666666666668
5_1_223,-11.966666666666667
4_4_40,-8.833333333333334
3_3_108,-11.466666666666669
6_4_21,-11.233333333333334
5_4_47,-11.566666666666668
3_1_377,-10.533333333333333
0_1_35,-12.566666666666668
4_1_1,-11.733333333333334
3_6_221,-9.8
2_4_103,-9.733333333333333
4_5_232,-12.866666666666665
0_0_244,-13.1
1_4_356,-10.533333333333333
6_2_76,-12.700000000000001
5_0_145,-12.233333333333334
1_2_40,-13.333333333333334
4_2_78,-9.866666666666667
4_6_163,-7.566666666666667
0_3_115,-12.333333333333334
5_0_76,-12.4
3_5_170,-5.0
5_4_165,-12.133333333333333
3_2_125,-11.4
2_0_40,-12.166666666666666
5_2_355,-11.833333333333334
6_2_403,-12.200000000000001
0_2_13,-12.866666666666665
2_3_226,-11.133333333333333
5_2_44,-9.733333333333333
2_3_102,-8.9
5_4_287,-12.066666666666665
6_6_189,-10.166666666666666
3_3_386,-10.866666666666667
6_2_270,-13.433333333333332
2_2_9,-13.366666666666665
1_5_108,-9.000000000000002
5_3_164,-12.199999999999998
3_0_13,-11.166666666666666
1_2_86,-12.266666666666666
5_0_22,-12.066666666666668
1_2_279,-12.366666666666667
0_3_141,-11.966666666666669
5_3_240,-12.0
0_2_324,-13.066666666666665
2_1_312,-11.466666666666667
0_2_81,-14.6
5_2_301,-10.366666666666667
5_1_59,-12.1
4_1_345,-11.533333333333333
4_3_57,-13.366666666666665
0_1_119,-14.066666666666668
5_2_202,-12.333333333333334
6_4_267,-10.933333333333332
1_0_105,-10.1
1_3_170,-10.566666666666666
5_2_290,-12.066666666666668
2_3_325,-9.9
1_4_201,-10.966666666666669
5_1_36,-11.833333333333334
5_5_238,-8.533333333333333
6_1_50,-13.066666666666668
0_1_61,-13.4
1_4_125,-9.7
5_1_153,-12.266666666666666
1_1_242,-11.9
4_1_267,-10.933333333333332
3_5_105,-7.133333333333333
0_5_71,-12.0
6_5_40,-11.166666666666666
5_3_145,-12.266666666666666
2_3_295,-13.933333333333332
2_2_329,-10.6
6_2_188,-12.866666666666667
2_4_119,-12.266666666666666
0_1_370,-12.633333333333333
5_1_355,-11.966666666666669
5_2_98,-12.866666666666667
3_6_5,-8.533333333333333
2_6_309,-9.433333333333335
5_0_91,-9.933333333333332
0_0_115,-12.9
4_6_179,-9.033333333333333
1_2_35,-9.266666666666666
0_2_294,-12.466666666666667
1_5_361,-10.700000000000001
3_1_302,-10.299999999999999
2_4_351,-10.133333333333333
6_1_71,-13.666666666666666
0_1_40,-14.566666666666668
1_3_288,-9.5
6_2_352,-12.166666666666666
5_1_78,-12.866666666666667
0_1_138,-13.466666666666667
3_1_390,-9.033333333333333
6_3_213,-13.799999999999999
5_4_337,-11.033333333333333
5_6_148,-7.8999999999999995
3_3_112,-10.733333333333334
3_0_108,-11.833333333333334
3_3_40,-13.799999999999999
5_5_152,-8.366666666666665
6_6_32,-10.1
2_0_371,-12.533333333333333
6_3_137,-12.266666666666666
5_1_239,-12.466666666666667
5_2_223,-13.199999999999998
4_5_348,-10.766666666666666
6_3_74,-12.4
5_3_12,-12.133333333333333
0_2_298,-13.699999999999998
6_3_89,-12.4
1_6_377,-9.0
1_4_108,-13.466666666666669
0_5_230,-12.166666666666666
6_3_270,-14.433333333333335
1_3_42,-12.166666666666666
2_2_190,-11.266666666666667
3_3_255,-11.266666666666666
6_1_12,-12.200000000000001
4_3_87,-12.066666666666668
5_1_89,-12.866666666666667
5_5_287,-10.5
1_4_167,-12.0
6_0_205,-10.866666666666667
5_1_111,-11.033333333333331
2_2_226,-11.666666666666666
4_4_266,-9.299999999999999
5_0_374,-11.066666666666668
0_0_176,-12.966666666666669
0_3_191,-11.033333333333333
5_0_153,-11.866666666666667
5_5_379,-9.866666666666667
5_6_363,-8.6
5_3_149,-11.5
0_3_248,-11.766666666666666
3_1_146,-11.466666666666669
2_3_264,-11.633333333333333
0_0_252,-13.0
2_2_325,-7.8999999999999995
0_2_309,-10.933333333333332
5_0_277,-10.533333333333333
6_2_179,-10.633333333333333
5_3_202,-12.366666666666667
5_1_359,-10.966666666666667
1_3_387,-12.233333333333334
3_2_217,-13.5
0_0_119,-12.700000000000001
0_6_329,-9.466666666666667
4_0_345,-7.6000000000000005
6_0_224,-10.533333333333333
6_4_16,-12.200000000000001
0_4_27,-11.933333333333332
3_1_340,-10.833333333333334
6_1_398,-13.1
3_1_99,-12.333333333333334
2_2_123,-11.633333333333333
0_0_370,-13.200000000000001
3_6_48,-9.933333333333332
0_1_231,-12.800000000000002
4_4_247,-10.866666666666667
6_4_296,-10.266666666666667
4_1_52,-12.466666666666667
3_0_125,-11.366666666666667
3_3_150,-9.866666666666667
0_3_99,-13.1
6_4_204,-11.866666666666667
2_2_295,-12.666666666666666
0_2_244,-13.533333333333333
2_1_272,-11.566666666666668
3_6_387,-7.5
2_5_119,-11.066666666666668
5_6_16,-10.9
6_5_345,-8.666666666666666
0_1_90,-13.633333333333333
0_1_187,-12.833333333333334
5_4_388,-10.633333333333335
0_4_48,-11.766666666666666
6_0_2,-11.266666666666666
3_1_108,-12.566666666666668
4_6_270,-8.933333333333332
5_2_48,-12.733333333333334
3_2_112,-11.933333333333332
5_3_223,-12.533333333333331
2_6_324,-10.133333333333333
0_0_16,-12.033333333333333
1_2_18,-12.533333333333331
5_4_276,-10.799999999999999
5_3_107,-10.666666666666666
3_0_302,-9.4
1_3_334,-11.533333333333331
2_2_304,-11.800000000000002
1_2_151,-11.866666666666667
5_1_317,-11.766666666666666
3_2_16,-11.766666666666666
0_1_299,-11.166666666666666
0_2_8,-13.366666666666667
1_1_339,-11.866666666666667
5_1_198,-12.566666666666668
0_1_140,-10.866666666666667
5_6_214,-9.866666666666665
2_2_119,-12.266666666666666
2_3_50,-11.466666666666667
6_4_188,-9.933333333333334
6_2_345,-8.066666666666666
1_1_356,-11.6
5_2_234,-10.0
4_0_116,-11.266666666666667
0_3_177,-11.066666666666665
5_4_223,-11.233333333333334
3_0_25,-9.733333333333334
0_4_206,-10.266666666666667
4_1_270,-13.0
2_1_324,-11.466666666666667
6_1_185,-12.233333333333334
1_5_288,-11.300000000000002
2_5_68,-7.666666666666667
5_2_72,-13.133333333333335
1_4_334,-11.0
4_5_250,-9.733333333333333
6_1_233,-11.233333333333334
6_6_142,-10.433333333333334
4_3_344,-11.6
6_5_158,-10.266666666666667
0_0_102,-12.5
5_0_86,-10.9
1_1_377,-10.633333333333333
4_3_209,-11.233333333333334
3_3_200,-10.666666666666666
4_3_40,-12.033333333333333
4_4_178,-11.033333333333333
1_4_279,-11.6
0_3_371,-13.5
5_5_164,-12.0
1_3_108,-14.366666666666667
2_1_85,-10.700000000000001
5_3_47,-13.966666666666667
2_1_269,-11.6
3_0_151,-10.733333333333334
5_3_28,-12.566666666666668
5_2_287,-12.433333333333332
6_1_311,-10.066666666666666
1_3_78,-12.033333333333333
3_3_292,-10.166666666666666
3_1_334,-12.133333333333335
5_0_3,-11.700000000000001
6_0_250,-10.799999999999999
5_2_53,-12.866666666666667
4_6_296,-7.866666666666667
0_1_346,-12.533333333333333
5_1_0,-10.066666666666666
6_5_19,-10.533333333333333
5_3_173,-12.033333333333333
5_6_359,-9.200000000000001
3_3_303,-8.966666666666667
0_5_47,-11.266666666666667
0_3_156,-12.466666666666667
1_5_40,-12.633333333333333
4_1_175,-11.833333333333334
6_1_159,-11.633333333333333
0_3_272,-12.466666666666667
1_4_387,-11.300000000000002
1_0_98,-11.299999999999999
0_0_2,-10.033333333333333
6_2_39,-10.266666666666666
0_5_1,-11.299999999999999
3_2_406,-11.1
0_3_211,-10.700000000000001
0_2_350,-13.433333333333332
6_3_345,-9.966666666666667
4_5_159,-9.266666666666667
2_3_119,-13.366666666666667
3_0_387,-11.033333333333333
6_5_15,-10.433333333333334
5_3_110,-13.033333333333331
5_6_355,-8.966666666666667
1_2_60,-11.933333333333332
0_0_93,-12.633333333333333
4_2_37,-11.866666666666667
0_0_140,-8.700000000000001
4_3_6,-12.066666666666668
0_3_283,-11.966666666666667
0_0_299,-12.033333333333333
1_1_386,-13.133333333333333
0_6_273,-7.3
0_1_102,-11.933333333333332
2_4_304,-11.366666666666665
6_0_117,-12.4
2_1_74,-11.166666666666666
1_1_12,-12.533333333333333
5_2_276,-11.6
6_4_137,-12.033333333333333
3_3_263,-12.6
0_1_190,-12.233333333333334
3_0_279,-11.5
1_3_74,-12.166666666666666
2_2_27,-11.833333333333334
0_3_186,-11.799999999999999
4_2_16,-11.766666666666666
1_0_48,-12.200000000000001
5_1_321,-11.6
4_1_158,-11.9
6_1_189,-11.366666666666667
6_1_174,-10.3
0_1_396,-13.1
1_1_112,-11.9
5_2_9,-9.633333333333333
5_4_164,-11.966666666666667
1_2_108,-13.233333333333334
5_5_52,-9.4
3_3_341,-10.633333333333333
1_0_377,-10.366666666666667
0_4_298,-12.300000000000002
4_0_352,-10.5
3_2_200,-11.133333333333333
2_3_138,-11.5
5_6_9,-6.833333333333333
2_0_305,-10.533333333333333
0_6_119,-7.233333333333334
4_0_251,-11.699999999999998
2_6_16,-10.200000000000001
1_1_335,-12.966666666666669
0_1_34,-13.9
0_2_139,-12.933333333333332
4_3_90,-11.433333333333332
5_1_106,-13.333333333333334
5_4_46,-11.833333333333334
6_0_212,-11.966666666666667
2_5_299,-10.566666666666666
5_0_363,-11.200000000000001
0_1_207,-12.733333333333334
4_1_99,-12.266666666666667
4_3_100,-11.200000000000001
0_0_346,-11.9
2_3_370,-12.333333333333334
1_4_16,-12.533333333333333
5_1_222,-11.6
4_3_403,-8.333333333333334
5_3_342,-12.399999999999999
4_4_87,-11.233333333333334
6_6_12,-9.466666666666667
3_1_69,-11.6
3_3_216,-11.4
6_3_233,-12.166666666666666
5_2_127,-12.9
1_2_386,-13.266666666666666
3_4_108,-11.433333333333332
4_0_297,-7.366666666666667
5_4_12,-11.466666666666669
4_3_270,-12.066666666666665
1_3_93,-11.0
5_6_223,-8.966666666666667
6_1_51,-12.566666666666665
6_6_80,-7.566666666666667
5_1_276,-11.733333333333334
6_3_178,-11.633333333333333
2_2_298,-12.366666666666667
3_0_147,-10.6
5_6_107,-10.299999999999999
6_4_209,-11.200000000000001
1_1_67,-11.1
3_6_377,-8.5
1_6_181,-8.633333333333333
4_2_232,-14.966666666666669
6_1_204,-10.066666666666666
1_3_356,-11.466666666666667
2_0_119,-11.766666666666666
3_0_80,-11.266666666666666
1_1_129,-11.566666666666668
3_1_406,-11.299999999999999
0_2_12,-13.633333333333333
3_2_74,-11.133333333333333
2_0_15,-10.766666666666666
0_0_283,-11.733333333333334
5_4_214,-9.9
3_0_12,-11.966666666666667
4_1_247,-11.799999999999999
3_5_125,-10.233333333333334
3_1_27,-11.366666666666667
5_4_359,-10.700000000000001
0_3_48,-12.666666666666666
0_2_268,-13.333333333333334
0_5_119,-11.033333333333333
1_4_221,-11.566666666666668
6_3_159,-9.166666666666666
5_2_222,-11.4
0_3_346,-12.300000000000002
3_3_41,-9.500000000000002
0_3_27,-12.700000000000001
0_2_207,-12.6
5_5_153,-10.633333333333335
5_3_363,-12.1
6_3_16,-13.833333333333334
1_0_125,-11.800000000000002
1_4_197,-8.933333333333334
4_0_224,-8.633333333333333
4_6_52,-7.366666666666667
1_1_340,-10.6
3_1_391,-12.433333333333332
3_1_48,-11.533333333333331
5_1_84,-12.333333333333334
6_4_163,-10.9
2_5_11,-9.533333333333333
0_2_304,-13.366666666666667
1_0_52,-12.133333333333333
3_3_334,-11.633333333333333
5_3_144,-11.433333333333332
6_2_250,-12.133333333333333
0_5_70,-11.366666666666667
6_0_99,-11.766666666666667
4_6_185,-8.5
1_2_34,-13.466666666666667
0_6_324,-11.9
1_1_108,-12.833333333333334
6_6_270,-7.7
3_2_55,-11.233333333333334
0_2_33,-12.9
6_2_9,-11.833333333333334
1_6_279,-9.166666666666666
0_1_371,-14.033333333333333
2_2_324,-11.933333333333332
4_2_270,-13.366666666666665
5_0_152,-12.4
3_1_263,-12.566666666666668
3_2_284,-9.566666666666665
6_0_68,-9.233333333333334
0_3_190,-11.933333333333332
3_2_279,-13.1
6_1_229,-11.233333333333334
1_3_386,-12.766666666666666
0_3_226,-12.466666666666667
5_4_355,-11.033333333333333
3_4_125,-10.333333333333334
3_2_8,-11.366666666666667
5_1_182,-13.433333333333332
0_1_283,-13.1
6_3_75,-12.433333333333332
0_5_115,-11.200000000000001
4_0_163,-11.033333333333331
1_4_242,-7.833333333333333
5_3_81,-12.633333333333333
0_1_211,-12.166666666666666
5_0_388,-9.133333333333333
5_2_409,-13.233333333333334
5_1_110,-11.4
1_2_356,-11.5
3_2_387,-11.833333333333334
6_4_192,-10.666666666666666
5_1_75,-12.433333333333332
2_1_119,-12.533333333333331
5_3_106,-13.166666666666666
5_0_40,-13.0
3_0_71,-11.9
2_6_325,-7.866666666666667
0_2_346,-10.933333333333332
5_2_363,-12.566666666666668
5_1_379,-10.966666666666669
4_0_47,-11.733333333333334
6_2_40,-13.800000000000002
2_3_244,-12.200000000000001
0_2_71,-13.933333333333332
2_4_135,-10.133333333333333
4_4_345,-7.533333333333334
2_2_305,-10.766666666666666
0_1_333,-13.366666666666667
0_4_119,-13.466666666666669
6_0_49,-11.833333333333334
0_0_78,-12.0
6_5_91,-10.033333333333333
5_0_173,-11.666666666666666
1_3_112,-10.3
1_0_108,-12.133333333333333
5_6_164,-8.966666666666667
2_2_122,-11.766666666666666
4_2_352,-11.533333333333333
5_1_54,-12.333333333333334
6_1_32,-12.266666666666666
3_0_200,-7.966666666666666
3_4_40,-11.300000000000002
1_1_390,-9.366666666666667
1_2_377,-8.700000000000001
6_0_225,-11.733333333333334
1_1_302,-11.300000000000002
4_3_35,-11.1
0_1_91,-12.266666666666666
0_6_40,-8.866666666666665
5_2_260,-9.666666666666666
4_3_158,-11.800000000000002
4_0_142,-12.033333333333333
6_3_174,-11.533333333333333
0_3_304,-13.066666666666668
2_4_28,-10.700000000000001
5_5_111,-8.3
2_2_294,-11.266666666666666
4_1_366,0.0
4_2_414,0.0
0_0_338,0.0
6_0_412,0.0
4_2_34,-13.566666666666668
5_5_274,-9.433333333333335
3_6_360,-6.166666666666667
1_6_309,-9.4
5_6_185,-8.9
4_4_36,-10.1
6_5_357,-10.033333333333333
5_0_112,-12.300000000000002
5_0_359,-10.533333333333333
ERROR_6_3_402,0.0
6_6_22,-9.1
2_2_393,-12.0
4_2_185,-11.166666666666666
4_6_36,-9.366666666666667
3_2_357,-9.366666666666667
0_0_225,-12.200000000000001
6_5_222,-9.1
6_1_36,-11.533333333333333
2_5_169,-8.033333333333333
ERROR_1_3_320,0.0
1_2_309,-12.200000000000001
4_5_302,-8.266666666666666
0_3_52,-12.9
4_5_34,-11.666666666666666
0_0_274,-12.699999999999998
5_5_299,-9.633333333333333
6_2_246,-11.433333333333332
5_0_340,-10.299999999999999
5_3_325,-10.166666666666666
1_2_125,-12.233333333333334
5_6_252,-8.700000000000001
4_1_34,-13.0
4_3_274,-12.033333333333333
6_0_357,-7.433333333333334
4_2_117,-10.166666666666666
ERROR_2_5_368,0.0
0_1_401,-11.566666666666668
3_2_246,-9.833333333333334
0_0_117,-13.0
3_0_117,-11.033333333333333
4_6_290,-9.066666666666668
3_2_337,-10.966666666666667
2_5_29,-10.033333333333333
0_2_256,-12.766666666666666
4_2_27,-11.699999999999998
6_3_110,-12.533333333333331
5_6_246,-9.4
5_0_117,-12.433333333333332
4_0_33,-10.799999999999999
3_3_357,-11.833333333333334
0_2_52,-14.066666666666668
0_5_12,-12.466666666666667
3_1_34,-12.4
0_2_292,-9.566666666666666
3_1_357,-7.3
5_2_264,-12.299999999999999
2_2_246,-10.533333333333333
3_2_319,-7.7
0_5_117,-11.666666666666666
4_3_142,-10.1
5_3_52,-13.166666666666666
ERROR_4_0_410,0.0
6_4_308,-11.033333333333331
2_0_34,-11.866666666666667
2_3_34,-12.066666666666668
4_4_142,-11.133333333333333
ERROR_0_2_113,0.0
4_2_33,-12.366666666666665
0_2_401,-12.133333333333333
3_4_222,-8.533333333333333
2_5_34,-10.833333333333334
ERROR_4_1_385,0.0
6_2_127,-8.833333333333334
4_3_292,-11.4
6_6_33,-9.033333333333333
4_0_34,-11.566666666666665
2_4_12,-10.5
0_6_364,-10.933333333333335
1_1_292,-9.433333333333332
2_3_317,-9.566666666666665
2_3_358,-11.666666666666666
2_2_318,-9.666666666666666
3_2_401,-11.0
2_1_240,-12.266666666666666
5_1_268,-12.766666666666666
0_2_39,-12.033333333333333
5_4_401,-10.6
ERROR_0_4_343,0.0
0_2_269,-13.566666666666668
4_4_133,-11.333333333333334
2_2_57,-11.666666666666666
0_1_39,-11.733333333333334
1_4_240,-9.233333333333333
3_2_34,-12.200000000000001
0_0_76,-13.166666666666666
0_6_90,-8.200000000000001
5_3_292,-11.5
6_2_401,-11.833333333333334
6_5_86,-7.7
2_3_57,-13.133333333333333
4_5_85,-9.466666666666667
0_1_25,-11.633333333333333
3_6_323,-9.299999999999999
ERROR_0_4_338,0.0
3_5_85,-9.399999999999999
2_2_147,-11.5
0_3_231,-12.433333333333332
0_5_66,-11.266666666666666
0_5_103,-9.733333333333334
0_3_230,-13.266666666666666
4_4_52,-10.799999999999999
3_6_65,-8.066666666666665
5_1_252,-12.633333333333333
2_3_0,-8.833333333333332
3_3_230,-12.1
0_5_52,-11.566666666666668
4_1_252,-13.533333333333333
0_2_103,-9.866666666666667
3_0_119,-11.166666666666666
2_2_34,-12.366666666666667
0_4_52,-12.166666666666666
4_1_240,-9.633333333333333
0_1_230,-14.233333333333334
4_2_85,-11.699999999999998
6_1_103,-10.933333333333332
1_3_118,0.0
4_1_304,-12.133333333333333
0_1_400,-10.133333333333333
5_3_34,-12.700000000000001
1_3_34,-12.766666666666666
0_3_34,-13.0
4_1_85,-9.433333333333334
3_6_119,-10.033333333333333
0_4_130,-10.533333333333333
4_3_230,-11.9
0_1_252,-13.366666666666667
5_3_56,-12.466666666666667
5_4_34,-12.166666666666666
2_4_276,-8.333333333333334
6_2_161,-12.200000000000001
2_3_212,-11.5
4_3_189,-11.5
1_1_175,-11.6
0_0_271,-12.166666666666666
4_4_34,-12.066666666666668
0_4_205,-10.466666666666667
6_4_316,-9.833333333333334
2_3_1,-10.6
6_3_157,-10.033333333333333
4_5_230,-10.833333333333334
6_1_252,-12.200000000000001
4_3_34,-13.1
4_3_363,-11.566666666666668
6_2_312,-12.1
ERROR_0_3_320,0.0
1_3_44,-11.1
4_0_271,-12.366666666666667
0_3_125,-12.800000000000002
4_3_103,-10.733333333333334
0_3_146,-12.800000000000002
1_5_252,-12.466666666666669
5_4_263,-12.066666666666668
3_3_363,-11.766666666666666
5_3_190,-11.466666666666667
2_3_122,-9.833333333333334
4_4_271,-11.266666666666666
3_2_411,-10.166666666666666
1_3_252,-11.9
3_3_217,-11.466666666666669
0_3_73,-12.766666666666666
3_3_91,-9.866666666666665
3_4_363,-11.066666666666665
0_1_287,-13.300000000000002
6_5_363,-7.7
0_1_155,-12.933333333333332
3_3_34,-12.300000000000002
4_2_298,-12.866666666666667
ERROR_3_3_320,0.0
4_3_73,-10.366666666666667
0_3_263,-11.700000000000001
6_3_278,-12.0
0_2_34,-14.633333333333333
6_3_217,-13.366666666666665
0_1_173,-13.466666666666667
0_2_313,0.0
0_3_378,-13.033333333333331
0_4_138,-12.133333333333333
6_6_103,-6.1000000000000005
0_3_312,-12.533333333333333
0_0_270,-13.166666666666666
0_3_77,-12.0
0_6_263,-11.433333333333332
2_2_83,-12.166666666666666
2_1_34,-12.5
5_1_155,-10.266666666666666
0_2_247,-13.166666666666666
0_3_244,-10.066666666666666
0_3_303,-11.433333333333332
5_5_263,-10.866666666666665
0_2_389,-14.133333333333333
4_3_340,-10.633333333333333
2_1_213,-11.6
3_4_68,-8.433333333333332
4_4_312,-10.5
4_1_173,-12.6
ERROR_0_3_413,0.0
ERROR_0_2_384,0.0
3_1_279,-12.6
0_0_85,-11.733333333333334
4_3_220,-13.033333333333333
0_1_234,-11.233333333333334
0_3_389,-13.166666666666666
2_4_34,-11.5
2_1_244,-12.233333333333334
4_3_263,-12.966666666666667
1_6_85,-9.266666666666666
0_1_405,-14.233333333333334
5_0_42,-13.0
0_6_312,-9.866666666666667
0_0_292,-10.633333333333333
5_5_389,-7.666666666666667
0_3_105,-11.333333333333334
6_3_223,-12.233333333333334
4_6_345,-9.433333333333332
6_3_271,-10.4
6_1_292,-11.800000000000002
4_3_55,-11.4
0_3_370,-13.5
0_3_104,-9.166666666666666
4_2_283,-12.266666666666666
0_0_279,-12.666666666666666
0_4_148,-9.799999999999999
0_3_362,-11.333333333333334
0_5_105,-10.433333333333334
0_0_323,-13.366666666666665
6_3_193,-10.0
0_3_155,-12.433333333333332
0_5_145,-11.266666666666666
2_6_279,-8.833333333333334
6_2_388,-10.533333333333333
6_2_374,-11.766666666666666
3_3_55,-11.066666666666668
6_4_62,-11.733333333333334
1_6_164,-10.766666666666666
1_0_67,-10.366666666666667
ERROR_4_3_366,0.0
0_3_181,-10.333333333333334
3_3_332,-9.166666666666666
5_0_123,-11.466666666666667
1_2_62,-12.566666666666668
0_3_109,-12.133333333333333
3_1_325,-9.766666666666667
4_3_88,-10.9
ERROR_0_3_347,0.0
6_2_105,-9.933333333333332
0_5_46,-11.033333333333333
4_3_38,-9.5
4_2_109,-12.1
6_1_198,-12.633333333333335
0_2_223,-13.766666666666666
0_3_93,-12.333333333333334
6_3_146,-12.6
3_1_374,-10.766666666666666
5_2_89,-12.733333333333334
6_2_27,-12.466666666666667
4_3_76,-12.133333333333335
0_3_57,-11.033333333333333
5_6_89,-10.000000000000002
0_6_109,-10.933333333333332
2_0_99,-12.033333333333333
0_2_35,-11.833333333333334
0_0_330,-11.200000000000001
5_3_245,-11.633333333333333
0_6_330,-6.266666666666666
3_4_94,-9.6
5_6_34,-9.700000000000001
6_3_109,-12.033333333333333
4_3_235,-9.700000000000001
1_5_245,-10.633333333333333
5_1_60,-11.933333333333332
6_3_149,-10.6
5_3_86,-12.1
3_3_104,-9.133333333333333
6_3_245,-9.666666666666666
0_0_198,-13.566666666666668
0_5_60,-10.4
5_3_386,-12.866666666666667
2_3_133,-9.6
3_4_223,-9.333333333333334
1_3_256,-10.533333333333333
4_6_139,-9.6
5_0_60,-10.700000000000001
0_3_293,-12.4
3_3_225,-8.9
6_4_257,-10.933333333333332
0_3_328,-12.266666666666666
2_0_340,-9.766666666666667
ERROR_0_3_236,0.0
2_3_70,-9.6
0_6_82,-10.866666666666667
0_3_214,-11.300000000000002
2_3_379,-9.766666666666667
ERROR_1_3_413,0.0
5_6_60,-7.866666666666666
0_3_116,-12.6
0_3_61,-13.133333333333333
2_3_210,0.0
5_3_401,-11.533333333333333
1_0_193,-11.166666666666666
0_1_70,-12.4
1_4_2,-10.866666666666667
2_0_76,-11.366666666666665
0_3_69,-12.833333333333334
6_4_109,-11.066666666666668
2_0_374,-10.9
0_3_409,-13.200000000000001
4_1_133,-11.6
1_6_257,-10.433333333333334
0_4_325,-7.6000000000000005
4_5_109,-10.6
1_5_317,-10.766666666666666
2_5_370,-9.4
1_3_92,-11.733333333333334
6_3_373,-12.633333333333333
0_4_282,-13.566666666666668
6_0_181,-10.666666666666666
4_3_109,-10.833333333333334
4_3_92,-12.0
0_6_282,-10.633333333333335
0_3_81,-13.5
0_5_61,-11.5
5_3_109,-10.433333333333332
1_0_129,-10.9
0_4_257,-11.5
2_3_285,-11.6
3_1_76,-12.800000000000002
0_1_76,-13.433333333333332
6_1_207,-12.300000000000002
1_1_203,-12.766666666666666
6_0_109,-12.033333333333333
3_3_285,-12.333333333333334
0_3_324,-14.6
0_3_258,-12.866666666666665
1_2_284,-12.4
1_3_226,-11.533333333333333
4_2_266,-9.9
6_0_61,-12.166666666666666
3_1_68,-10.866666666666667
0_2_198,-13.466666666666669
0_3_260,-9.5
0_0_235,-10.766666666666666
6_3_309,-11.766666666666666
0_3_220,-13.766666666666666
0_1_114,-13.300000000000002
0_3_207,-11.700000000000001
6_3_285,-13.066666666666668
6_3_134,-12.333333333333334
4_3_61,-11.666666666666666
4_4_109,-11.4
1_3_207,-10.166666666666666
0_3_33,-12.033333333333333
ERROR_3_3_354,0.0
0_3_144,-9.933333333333334
0_3_285,-13.200000000000001
3_2_207,-10.066666666666665
0_6_28,-10.800000000000002
5_1_312,-11.433333333333332
0_0_207,-12.9
4_6_265,-5.8
6_1_87,-10.833333333333334
2_5_207,-9.4
0_2_252,-13.566666666666668
1_1_352,-11.666666666666666
0_3_238,-12.833333333333334
6_3_88,-11.966666666666667
3_1_324,-11.633333333333333
0_6_35,-7.566666666666666
6_1_399,-12.1
4_3_324,-12.0
3_3_46,-10.6
0_3_252,-13.0
3_3_109,-10.166666666666666
1_1_324,-12.066666666666668
2_1_209,-11.5
0_0_238,-9.3
0_1_164,-14.1
1_0_323,-12.833333333333334
3_3_367,-10.9
0_6_45,-10.733333333333334
0_0_51,-13.200000000000001
0_3_399,-10.0
6_0_13,-11.566666666666668
5_3_117,-10.633333333333333
ERROR_0_2_385,0.0
1_0_207,-11.666666666666666
3_3_324,-12.6
3_1_217,-12.266666666666666
2_5_164,-9.1
0_5_42,-12.333333333333334
0_1_217,-13.6
5_4_109,-11.466666666666669
6_3_51,-12.066666666666668
4_0_323,-12.300000000000002
0_5_280,-10.566666666666666
0_1_87,-12.799999999999999
0_3_158,-14.5
3_3_226,-9.9
0_3_131,-12.833333333333334
2_1_399,-11.4
0_2_49,-13.366666666666667
2_3_159,-10.233333333333334
6_2_51,-12.733333333333334
4_5_243,-10.433333333333334
0_2_164,-13.833333333333334
3_4_112,-11.166666666666666
1_3_241,-8.266666666666667
0_1_280,-12.533333333333333
0_1_0,-10.666666666666666
0_3_372,-13.633333333333333
6_6_134,-10.766666666666667
0_3_28,-11.300000000000002
0_4_258,-12.4
4_5_215,-9.633333333333335
3_3_234,-8.4
0_5_222,-10.133333333333333
1_3_89,-10.066666666666666
3_3_106,-11.433333333333332
0_3_380,-13.299999999999999
0_0_87,-11.9
4_3_51,-11.700000000000001
0_2_51,-13.233333333333334
0_5_49,-10.633333333333333
6_0_342,-13.066666666666668
2_6_23,-8.966666666666667
0_2_262,-10.633333333333333
6_3_342,-11.333333333333334
3_0_87,-11.333333333333334
ERROR_3_3_199,0.0
1_2_94,-12.1
0_0_109,-12.933333333333332
6_3_131,-12.666666666666666
0_3_365,-12.333333333333334
0_5_109,-10.0
0_3_280,-10.1
0_4_252,-11.700000000000001
0_5_386,-10.866666666666667
0_3_273,-12.766666666666666
0_0_7,-13.6
3_1_87,-12.333333333333334
0_3_46,-12.9
0_1_213,-12.766666666666666
3_2_97,-11.366666666666667
0_2_46,-12.5
0_0_55,-11.566666666666668
4_3_181,-10.666666666666666
0_2_226,-12.866666666666667
0_5_234,-9.8
0_3_239,-12.0
4_3_14,-12.1
0_4_191,-10.9
0_2_280,-12.166666666666666
4_3_47,-11.133333333333333
4_4_291,-9.6
0_3_24,-12.866666666666667
6_4_373,-11.233333333333334
1_4_75,-12.133333333333333
0_1_359,-11.866666666666667
0_4_87,-11.666666666666666
0_4_67,-9.1
0_3_165,-12.200000000000001
4_2_288,-10.9
4_1_321,-11.666666666666666
3_4_60,-9.533333333333333
0_2_24,-12.366666666666667
0_0_111,-12.266666666666666
ERROR_5_3_236,0.0
3_1_148,-11.266666666666666
0_2_69,-13.066666666666668
1_0_325,-8.200000000000001
ERROR_0_2_410,0.0
3_3_221,-10.699999999999998
4_2_54,-13.066666666666668
3_1_170,-6.833333333333333
6_3_9,-11.6
1_4_46,-9.0
0_0_24,-13.1
