gen,mean_score,compound,best_5_score,best_10_score,best_20_score
0,-10.018666666666666,5_0_12 5_2_125 1_1_377 0_5_379 4_0_302 3_0_15 0_1_119 4_4_13 5_5_279 3_1_229 6_0_388 6_1_357 3_2_142 1_1_390 2_0_47 3_0_183 6_2_309 2_6_22 5_3_274 0_3_40 4_2_321 4_6_185 4_1_360 1_6_148 0_6_119 6_0_194 2_3_325 6_2_83 2_2_107 5_2_359 5_5_36 4_5_87 4_5_125 1_3_194 2_5_352 4_1_350 2_6_393 6_0_117 2_3_137 0_1_290 5_2_108 5_3_202 5_3_73 2_1_126 5_4_275 2_5_299 4_1_366 4_2_414 0_0_338 6_0_412,-13.593333333333334,-12.940000000000001,-12.226666666666667
1,-11.020238095238097,5_6_214 5_1_187 3_4_135 1_4_40 6_4_119 5_0_302 6_2_125 5_4_87 1_5_119 2_6_393 5_3_40 4_0_224 1_2_112 4_5_202 6_1_290 5_2_73 2_1_119 6_4_357 5_6_309 3_0_302 5_2_207 2_3_339 2_2_193 0_2_359 2_2_374 5_1_276 4_0_13 1_1_377 0_0_115 4_0_222 6_1_117 5_5_169 2_2_393 5_5_40 5_3_52 1_5_194 5_0_274 6_0_117 0_0_117 5_3_246 0_1_119 6_1_340 6_3_274 4_0_302 5_0_12 4_3_274 2_6_252 0_3_40 5_2_125 5_2_108 0_1_290 5_3_202 6_2_83 6_2_309 ERROR_6_0_402 ERROR_1_3_320,-14.326666666666668,-13.666666666666668,-13.133333333333335
2,-11.692528735632184,0_6_167 1_2_364 5_5_40 5_3_119 5_6_214 1_0_219 0_1_119 4_1_64 6_2_83 6_3_202 4_2_117 0_0_302 4_3_222 6_5_202 1_1_108 6_0_290 5_2_202 1_1_290 5_2_112 5_3_126 5_1_226 5_1_85 4_5_108 5_3_41 2_2_119 1_2_112 6_1_117 0_3_119 1_3_172 0_0_274 6_2_117 1_6_377 0_2_117 1_3_136 4_5_290 6_0_117 5_1_119 6_1_290 0_6_112 0_3_40 5_3_40 6_3_274 1_4_40 5_3_52 6_2_125 0_0_117 5_0_274 0_5_274 6_2_73 5_6_386 1_2_407 2_1_112 2_1_287 6_1_359 3_4_117 6_1_47 1_0_311 5_0_266,-14.913333333333336,-14.076666666666664,-13.439999999999998
3,-12.08867924528302,3_0_311 0_1_117 0_1_155 6_1_62 6_2_41 6_1_119 5_5_119 5_3_365 5_2_119 5_5_164 6_3_41 1_3_403 1_4_112 6_2_47 0_1_8 0_3_40 5_3_119 5_3_308 4_3_119 6_5_219 0_2_290 1_4_40 2_1_226 2_1_119 6_6_364 1_2_364 6_6_47 6_3_290 1_3_112 1_0_119 5_3_317 6_1_358 1_1_172 1_3_40 2_1_318 3_1_112 2_0_240 6_2_240 2_3_268 5_3_202 6_3_39 1_1_119 0_3_119 5_3_40 0_1_119 6_3_274 5_3_52 1_4_364 2_5_112 6_0_322 2_0_274 6_1_202 5_4_41,-15.040000000000003,-14.343333333333334,-13.614999999999998
4,-11.803267973856208,1_1_47 2_4_28 6_2_235 0_2_386 0_1_279 6_3_39 5_0_119 2_1_226 5_3_337 5_2_119 1_0_364 5_2_1 5_6_290 2_0_316 5_3_274 5_0_240 5_3_40 0_2_3 2_3_119 6_2_47 5_3_119 5_1_164 6_3_274 0_1_41 0_3_40 3_1_119 2_1_174 6_3_107 1_1_0 0_1_275 1_6_119 0_2_357 1_3_144 0_0_286 6_1_119 5_4_41 5_3_396 5_0_64 1_4_290 2_1_274 0_2_40 2_6_119 0_3_119 1_3_40 0_1_119 5_5_358 6_6_358 2_0_317 0_4_177 5_4_391 2_5_358,-15.1,-14.486666666666668,-13.703333333333337
5,-12.082978723404254,0_3_40 5_5_358 0_1_119 0_2_40 4_3_119 0_1_40 0_3_353 6_2_47 5_1_160 5_2_1 0_0_119 1_6_290 5_0_274 0_1_164 5_4_24 2_3_396 5_3_252 5_3_47 2_3_40 3_5_358 6_5_119 4_2_40 5_4_119 0_2_119 5_1_40 3_0_119 1_3_47 4_0_47 0_1_41 5_3_40 1_2_3 2_0_274 5_3_119 2_1_396 5_2_18 5_1_47 2_2_361 0_3_119 1_3_40 5_2_41 2_5_359 5_6_100 2_3_19 5_4_100 4_1_226 6_1_235 0_1_118,-15.1,-14.713333333333333,-14.028333333333332
6,-12.375,4_2_182 0_1_41 1_2_40 0_3_244 5_3_119 0_3_83 0_3_119 0_4_119 5_0_142 5_3_81 1_4_40 0_0_274 0_3_41 0_0_119 4_2_119 2_2_119 0_3_40 0_0_283 3_2_119 6_3_267 5_1_40 0_6_40 5_2_40 0_3_24 0_3_264 2_2_212 5_3_189 1_1_175 0_0_271 1_2_119 5_3_252 0_2_40 5_0_274 0_1_205 6_1_316 2_3_361 2_2_1 6_1_157 0_3_356 3_2_40 5_2_1 3_2_341 5_3_40 4_4_258 2_0_43 5_2_46 1_4_3 2_0_361,-15.086666666666668,-14.310000000000002,-13.628333333333334
7,-11.79927536231884,5_5_214 0_3_40 0_4_257 1_2_119 5_3_40 3_3_40 6_5_119 2_2_1 0_3_119 0_3_182 5_3_44 0_4_119 5_4_125 5_2_252 0_4_340 5_1_279 4_0_103 3_4_119 0_3_139 6_0_40 3_3_271 5_0_119 0_3_175 0_3_221 3_6_291 4_0_40 5_2_1 6_3_119 4_2_119 2_3_40 0_5_24 1_1_119 5_2_40 5_1_119 3_0_40 0_3_200 0_3_24 5_5_349 5_6_74 1_0_142 4_3_83 2_4_238 5_2_297 5_2_379 6_3_204 5_6_316,-14.786666666666667,-14.046666666666667,-13.328333333333337
8,-11.721985815602839,4_6_119 2_3_119 0_3_58 5_4_40 5_3_330 3_3_40 3_2_40 0_3_173 4_4_119 6_5_40 0_1_155 0_3_40 0_2_252 5_3_298 6_3_73 4_3_40 0_3_119 4_2_40 2_0_192 0_2_40 0_3_153 6_2_391 0_3_270 6_4_175 6_3_40 5_2_252 5_2_40 2_3_378 5_3_119 0_0_138 1_2_40 0_6_103 5_0_270 0_3_77 5_0_40 0_3_182 4_6_40 3_3_119 0_3_221 0_3_214 0_1_40 ERROR_5_3_320 2_2_297 ERROR_0_3_113 4_0_312 2_5_252 3_4_271,-15.1,-14.576666666666664,-13.830000000000002
9,-12.078632478632477,3_0_40 0_3_40 0_2_40 1_1_36 1_3_40 2_3_119 6_3_40 3_3_40 0_5_40 6_3_119 0_3_75 4_6_40 4_3_40 0_3_73 0_0_40 5_0_119 6_1_40 0_0_16 2_3_175 5_2_117 4_0_138 2_3_81 0_4_40 1_0_40 3_5_40 0_3_39 2_5_119 3_4_119 6_4_58 2_3_40 2_4_290 0_5_243 4_2_175 2_0_298 4_2_173 1_2_340 3_4_252 5_0_177 3_0_290,-14.926666666666668,-14.226666666666668,-13.459999999999999
10,-12.388888888888891,2_3_117 4_4_40 0_2_28 6_3_40 0_6_178 0_6_40 0_0_298 0_3_49 2_3_40 5_2_40 0_3_40 5_5_40 6_3_105 0_4_40 2_5_119 6_3_223 4_0_119 5_1_40 0_3_286 6_6_40 0_3_110 6_2_40 2_3_119 0_0_40 0_2_40 2_0_40 4_5_40 4_2_175 0_0_138 2_1_40 0_1_40 0_4_75 3_1_40 0_5_40 3_0_40 6_3_310 2_0_345 4_4_93 3_2_137,-14.9,-14.273333333333335,-13.62166666666667
11,-11.842424242424244,0_3_40 2_2_40 3_2_380 6_3_40 2_3_40 0_3_124 0_3_59 0_4_40 2_0_40 3_1_40 5_3_192 0_3_138 0_3_24 6_5_47 5_2_140 4_1_40 0_2_337 1_3_40 0_3_332 0_3_75 0_0_123 1_0_40 4_2_40 6_6_40 4_3_40 5_1_109 0_2_242 0_4_179 ERROR_0_5_385 0_6_110 2_3_286 3_1_181 2_1_325,-14.633333333333335,-13.823333333333334,-13.191666666666666
12,-12.26764705882353,0_3_24 2_3_40 0_3_88 6_3_40 0_3_40 0_5_46 3_3_59 4_3_40 5_3_40 4_3_38 0_3_389 6_3_246 0_4_40 1_3_40 0_2_40 0_4_124 4_2_270 0_1_387 0_3_112 0_3_11 3_2_24 0_3_146 3_3_374 0_3_27 6_2_40 6_3_75 0_6_40 0_3_339 4_4_76 2_3_57 2_2_40 ERROR_0_3_347 0_2_93 2_0_286,-15.066666666666666,-14.353333333333335,-13.643333333333334
13,-11.684313725490195,0_4_339 6_3_40 5_5_40 1_1_82 1_3_401 2_2_40 2_3_40 0_3_24 6_2_40 0_3_40 5_4_94 5_6_40 4_3_235 3_3_57 0_0_40 0_5_40 0_3_88 1_2_145 5_1_40 0_3_82 0_3_15 0_1_24 0_1_205 0_2_325 1_3_40 6_6_40 0_3_186 2_4_40 5_3_88 ERROR_0_6_384 2_3_55 2_6_290 2_2_96 5_6_57,-14.7,-14.013333333333332,-13.218333333333334
14,-11.895,0_1_339 0_5_40 0_5_295 4_4_24 0_3_47 0_3_142 0_3_16 0_4_13 0_1_40 0_3_94 0_5_353 0_3_40 2_3_361 5_4_40 2_2_40 0_4_94 2_3_40 3_3_40 ERROR_6_0_402 0_3_15 0_1_15 2_2_332 0_3_150 0_0_40 6_3_40 0_3_57 2_4_40 0_2_3 1_3_40 6_3_348 2_3_233 0_3_167 0_3_398 3_0_40 4_3_24 0_3_325 1_1_40 5_3_57 5_0_231 ERROR_0_3_354,-14.926666666666668,-14.59666666666667,-13.766666666666666
15,-11.474418604651163,6_3_387 0_5_40 1_6_40 0_2_40 0_3_40 0_3_401 0_3_193 0_3_398 0_1_339 1_3_40 3_1_40 1_3_2 0_6_13 2_3_218 3_3_356 2_3_76 3_3_226 4_4_12 4_3_217 0_6_15 5_0_40 0_4_40 2_4_40 2_3_409 4_1_40 0_3_16 0_4_325 4_5_40 1_5_317 0_3_92 6_5_373 2_5_40 4_3_398 0_0_282 6_3_181 0_3_15 3_5_40 3_0_210 0_5_69 3_0_374 0_0_257 3_5_370 3_0_57,-14.893333333333334,-14.013333333333335,-13.273333333333332
16,-11.885714285714286,0_3_40 0_3_398 2_1_218 2_3_40 0_3_61 1_3_81 0_3_361 0_4_195 0_4_69 5_4_40 4_4_40 0_0_30 6_3_396 2_6_409 2_1_40 0_3_160 0_3_153 1_1_40 0_6_40 0_0_15 0_6_325 4_3_322 2_1_296 0_3_173 0_1_40 5_0_40 4_3_392 0_3_69 0_3_230 0_3_346 0_3_193 0_0_16 3_3_40 6_1_40 0_3_324 0_3_152 3_0_203 6_3_71 6_3_218 1_4_409 0_1_310 ERROR_0_6_415,-14.753333333333336,-14.096666666666668,-13.421666666666663
17,-12.102857142857141,3_3_398 2_3_69 6_3_40 3_3_40 0_4_398 0_3_40 3_3_68 0_4_69 0_4_40 0_2_398 0_3_198 0_3_260 2_3_40 0_3_131 0_6_398 6_2_40 6_1_398 1_3_224 0_4_263 1_3_7 0_3_30 0_3_220 0_1_114 0_3_285 0_3_134 0_1_40 4_3_40 1_3_173 4_4_40 0_0_40 1_0_398 3_5_40 0_3_398 2_6_40 ERROR_0_3_236,-14.84,-14.316666666666666,-13.669999999999998
18,-12.422857142857143,0_0_40 6_4_40 0_3_40 0_6_127 0_3_220 3_0_40 0_1_40 6_1_312 0_4_69 6_3_117 0_0_398 1_2_352 6_3_40 1_3_40 4_3_21 0_5_169 4_3_151 3_1_398 6_3_277 0_2_40 6_5_40 0_6_40 3_3_287 0_3_285 0_1_327 3_0_131 1_3_270 6_6_40 6_3_187 0_3_334 5_4_40 0_3_396 5_0_40 1_4_398 6_3_69,-15.006666666666666,-14.336666666666664,-13.4
19,-12.13063063063063,6_3_40 1_3_131 0_2_252 0_3_40 5_3_40 0_3_202 5_2_40 0_0_40 0_1_40 2_2_83 0_3_288 6_0_198 0_3_117 4_1_40 0_3_269 6_3_69 0_2_374 6_3_109 1_3_398 1_3_40 4_2_40 0_4_344 6_4_40 0_0_398 0_6_40 3_3_217 4_3_376 0_2_398 2_5_40 0_0_69 0_3_50 1_3_270 3_2_37 0_4_103 0_6_224 6_6_267 ERROR_6_3_385,-15.013333333333335,-14.446666666666667,-13.623333333333331
20,-12.26875,5_2_163 2_5_213 5_3_202 6_3_40 1_3_40 0_3_40 0_3_292 5_3_40 0_0_40 0_3_11 0_1_79 0_2_40 4_3_40 3_3_40 0_2_269 2_2_40 0_0_374 5_2_83 0_6_53 0_1_0 0_0_276 0_1_40 1_3_66 6_1_308 0_3_105 5_5_83 0_2_374 0_5_83 0_3_202 0_3_148 2_4_356 5_4_246,-15.066666666666666,-14.35,-13.455000000000002
21,-11.365811965811966,0_1_269 3_1_124 0_5_88 6_1_292 6_4_40 0_3_40 0_4_40 5_5_11 0_3_105 5_2_40 2_3_40 0_3_58 1_2_269 6_3_40 4_3_28 1_3_162 0_6_40 6_2_32 6_3_363 0_2_324 5_0_370 3_3_40 5_5_40 0_1_292 4_3_232 0_1_148 6_1_202 0_2_317 3_3_380 0_3_234 0_0_40 5_2_374 0_1_308 2_6_23 0_1_406 3_4_255 ERROR_0_4_199 ERROR_0_3_338 3_5_17,-14.546666666666667,-14.053333333333333,-13.296666666666663
22,-11.52,2_3_137 1_3_232 5_3_374 0_3_9 0_3_40 3_0_40 2_3_40 0_4_40 0_1_265 1_3_76 0_3_124 3_3_40 1_2_324 5_1_40 0_3_148 6_2_32 0_5_40 0_1_40 0_2_179 0_2_40 0_0_40 5_0_374 5_1_164 0_3_211 6_4_262 0_3_105 ERROR_0_3_113 1_3_153 0_1_105 0_1_60 6_3_32 0_1_300 3_3_242 ERROR_0_3_338 3_3_17 ERROR_0_2_366 6_4_374 2_4_379 4_1_379 6_5_374,-14.726666666666668,-14.163333333333332,-13.456666666666667
23,-12.267543859649123,0_1_40 5_4_40 0_1_105 0_4_40 0_2_40 0_3_40 2_3_40 3_3_232 0_4_55 4_3_181 2_2_40 0_3_148 6_0_75 0_0_67 0_3_124 6_4_32 5_3_25 5_3_323 0_6_362 4_3_40 0_0_387 0_5_392 0_1_62 0_3_259 5_3_374 3_4_374 3_3_40 0_1_127 0_3_321 0_3_21 0_5_90 3_1_40 3_0_40 0_2_250 3_0_148 5_2_179 2_3_280 3_2_32,-14.666666666666668,-14.013333333333332,-13.286666666666667
24,-11.882499999999999,5_0_232 3_1_40 2_2_40 0_3_40 0_1_148 6_4_33 2_3_32 5_4_215 2_3_45 5_3_40 6_3_40 1_1_58 0_4_288 0_3_8 3_3_125 1_5_216 0_3_271 2_5_40 5_3_374 3_3_232 0_3_165 0_3_216 6_2_40 4_2_179 0_4_60 0_2_40 0_2_148 0_5_111 1_2_148 5_6_40 0_6_191 2_3_40 6_4_192 6_4_32 5_3_98 1_3_253 0_4_62 0_2_67 0_0_321 ERROR_6_3_236,-14.98,-14.226666666666668,-13.455000000000002
25,-11.687596899224808,6_1_40 2_3_40 0_3_40 6_6_40 0_0_40 4_6_179 5_3_40 5_2_40 2_1_396 5_3_374 0_3_83 5_2_158 5_3_232 0_1_216 3_3_400 0_3_165 3_4_71 6_3_67 5_3_318 3_3_81 0_3_206 0_4_40 4_1_40 0_1_40 5_1_40 6_0_281 0_2_136 0_3_321 0_3_213 6_2_40 0_3_148 3_5_40 4_3_216 4_3_40 0_3_288 4_3_165 6_3_15 0_4_50 4_3_321 5_3_154 ERROR_0_1_113 2_2_216 4_4_62,-14.960000000000003,-14.326666666666668,-13.581666666666669
26,-11.401709401709402,5_3_40 0_0_40 0_2_40 1_3_40 4_6_40 0_3_40 0_3_318 4_3_40 1_4_232 5_3_279 0_4_83 4_3_177 0_5_40 6_1_40 4_1_40 5_1_40 5_1_409 0_3_372 5_3_9 0_3_17 6_2_40 5_6_40 3_3_40 2_3_216 2_3_40 1_3_62 0_3_78 0_1_182 4_3_165 4_3_74 3_5_288 4_6_216 0_3_100 ERROR_6_1_375 5_4_20 2_3_174 ERROR_0_2_236 0_0_143 ERROR_6_3_354,-14.913333333333336,-14.376666666666665,-13.661666666666665
27,-12.053658536585367,0_3_107 6_3_40 0_3_40 0_4_279 0_3_211 1_1_133 1_3_17 1_3_403 4_3_165 6_3_46 6_4_40 4_3_35 0_5_43 5_1_394 1_3_40 0_1_40 2_3_216 4_2_40 5_4_275 6_1_165 2_1_40 0_2_40 6_3_282 0_2_100 0_5_372 4_3_177 2_3_40 0_0_17 0_3_62 6_6_40 1_0_40 4_3_305 4_0_78 5_1_250 0_0_40 6_6_100 4_3_318 ERROR_0_3_415 1_2_51 0_6_78 6_3_318,-14.986666666666668,-14.186666666666667,-13.383333333333335
28,-11.707619047619048,0_3_40 2_3_40 3_3_395 0_1_40 6_0_40 3_3_377 0_3_78 5_0_40 0_3_373 6_3_40 5_3_100 0_2_40 0_3_367 0_4_279 0_4_40 5_3_250 2_6_40 0_3_213 2_0_24 0_3_248 6_2_391 5_3_40 4_3_232 0_0_40 2_3_98 0_3_142 5_1_374 ERROR_0_3_347 5_2_40 5_1_40 6_0_282 ERROR_0_0_113 0_1_250 3_5_372 ERROR_0_6_402,-15.186666666666667,-14.613333333333333,-13.751666666666669
29,-12.127642276422765,0_3_348 6_3_295 0_4_341 0_3_257 0_3_40 0_3_78 0_3_388 0_3_51 6_3_41 0_3_213 4_3_176 1_2_40 0_6_40 4_2_40 1_3_40 5_5_374 0_2_40 5_3_100 5_3_40 6_2_121 4_3_40 5_3_142 2_4_40 1_3_16 5_1_100 5_3_78 0_3_147 2_5_40 0_0_337 0_3_229 3_3_40 3_3_408 5_1_40 5_4_100 3_5_40 5_3_286 3_3_365 0_5_387 5_3_122 0_0_391 6_0_248,-15.12,-14.373333333333335,-13.508333333333331
30,-12.114492753623187,0_0_257 0_3_406 0_0_40 0_3_229 0_3_289 0_2_40 1_1_411 5_2_109 3_6_5 0_3_78 0_3_399 2_3_362 5_1_78 0_6_213 0_5_78 6_3_40 4_3_40 0_1_78 5_3_40 3_2_380 5_3_257 5_1_40 0_0_85 4_3_213 5_2_122 0_3_342 2_3_337 0_3_388 0_2_189 1_3_382 4_2_40 0_6_78 0_3_40 0_3_403 0_3_298 6_3_213 0_3_348 6_3_282 4_1_40 4_3_155 0_0_337 5_3_29 3_1_214 0_1_234 0_0_25 3_3_78,-14.886666666666667,-14.176666666666666,-13.435000000000002
31,-11.442028985507248,0_3_296 6_0_373 2_3_406 1_3_38 0_2_40 6_3_40 5_1_40 0_0_337 0_2_406 3_4_40 5_0_40 6_1_112 0_1_40 0_3_282 3_3_78 6_3_214 6_6_40 0_3_229 5_3_40 0_3_40 1_1_40 0_3_337 3_5_78 0_0_268 6_5_40 6_2_137 1_3_229 0_1_358 0_4_406 0_4_40 0_0_184 0_1_388 3_3_282 6_3_396 3_3_214 6_1_40 0_3_180 5_3_122 0_4_200 0_4_362 5_6_31 0_6_388 6_4_342 ERROR_5_3_415 6_2_101 ERROR_3_4_410,-15.040000000000001,-14.226666666666665,-13.39666666666667
32,-11.947154471544716,0_1_358 3_1_268 0_1_401 6_4_17 0_3_40 3_3_214 0_3_269 1_3_282 0_5_40 0_2_40 5_3_122 5_1_112 0_6_40 0_3_204 0_2_406 4_1_112 0_4_200 3_5_40 0_3_358 0_1_40 0_1_282 0_6_229 0_3_167 2_3_61 6_1_40 6_3_336 1_5_40 1_2_72 0_3_389 1_1_40 3_3_122 3_3_112 0_2_291 5_2_262 1_2_406 6_3_112 0_3_65 3_3_40 5_5_160 2_2_406 0_5_65,-14.526666666666666,-13.863333333333333,-13.208333333333334
33,-12.261788617886179,0_3_112 0_0_389 0_1_282 0_5_40 0_0_40 0_1_358 1_3_406 0_4_288 5_0_40 0_3_40 1_1_50 0_1_40 0_3_66 3_2_40 0_4_323 5_3_78 0_2_40 5_3_40 0_3_11 0_3_179 0_1_403 1_3_40 4_0_112 4_6_120 0_2_191 0_3_358 0_2_406 0_3_331 0_3_200 2_3_282 0_2_244 0_3_389 0_3_282 6_5_281 0_5_191 0_4_15 2_1_248 0_3_182 4_6_115 2_0_358 0_6_389,-14.973333333333334,-14.163333333333332,-13.601666666666668
34,-12.575213675213671,0_6_330 0_3_40 1_0_40 0_2_355 5_3_78 1_3_40 0_5_40 0_3_358 0_3_41 6_1_319 0_3_389 1_5_40 0_4_119 1_1_398 0_3_179 5_3_179 0_3_182 0_2_40 5_1_40 0_3_288 0_1_403 4_2_40 0_3_173 0_3_282 4_0_164 0_3_144 0_5_78 0_3_302 0_2_96 0_4_358 0_1_40 0_3_373 0_2_323 0_0_403 0_2_115 0_3_142 5_3_40 0_1_64 5_4_358,-14.973333333333334,-14.376666666666669,-13.804999999999998
35,-12.287681159420288,0_4_373 0_3_41 0_1_40 0_5_40 0_2_112 5_3_323 1_1_64 ERROR_0_3_415 0_1_277 6_2_179 0_6_179 0_2_43 0_5_173 4_3_270 4_3_40 0_3_40 1_1_398 4_1_40 0_3_96 5_3_40 0_3_373 2_4_40 5_3_373 0_3_65 6_3_40 0_6_173 6_2_367 0_3_240 5_1_64 0_3_115 5_1_105 5_2_179 0_5_179 0_3_119 3_3_40 0_3_9 3_1_40 0_0_390 0_2_40 0_3_323 4_5_259 0_1_93 4_4_164 5_5_179 6_3_301 4_3_349,-15.166666666666668,-14.633333333333335,-13.78166666666667
36,-12.548333333333334,0_3_9 0_4_9 5_1_64 3_1_398 5_3_373 4_3_40 1_1_398 1_1_64 1_3_250 0_2_43 6_3_40 0_0_390 0_0_40 0_4_40 0_4_217 0_3_40 6_3_240 6_3_17 0_2_303 0_6_9 0_1_9 5_3_40 5_0_390 4_1_64 3_3_40 1_3_81 0_3_400 0_0_282 0_3_1 0_0_373 2_4_40 0_3_217 0_1_350 0_3_132 2_3_65 3_3_93 5_5_96 2_1_277 2_5_64 3_3_96,-14.9,-14.266666666666666,-13.648333333333332
37,-11.709166666666667,0_3_103 0_3_135 3_4_355 5_0_60 3_3_96 0_1_9 4_3_40 5_3_40 0_6_40 0_3_40 2_3_40 1_3_40 3_6_40 1_4_40 5_3_165 4_6_64 0_0_390 3_3_240 0_3_373 0_2_40 4_1_127 0_2_43 3_3_217 3_3_2 0_3_196 0_3_142 0_3_370 4_3_217 ERROR_0_4_199 1_1_40 1_2_40 6_3_409 6_3_217 1_1_249 0_0_165 5_0_390 5_3_350 ERROR_0_3_410 0_1_297 1_1_78,-14.913333333333336,-14.236666666666668,-13.633333333333335
38,-12.112056737588652,4_2_142 0_3_45 3_3_257 0_3_170 0_3_217 0_0_9 2_3_40 0_3_40 0_5_40 0_2_217 0_1_112 0_3_42 0_3_350 0_6_40 0_3_364 3_3_127 0_3_16 5_0_390 0_2_112 0_3_370 5_6_203 1_3_393 3_3_325 6_3_40 4_3_103 4_3_217 0_3_0 0_1_136 2_5_40 0_0_56 0_3_142 3_3_217 1_4_40 0_3_373 0_3_289 0_2_247 4_6_127 0_3_222 4_5_65 2_3_390 3_0_295 5_2_40 0_5_370 0_3_196 2_4_40 0_5_217 1_2_217,-14.893333333333334,-14.443333333333333,-13.803333333333336
39,-11.803623188405798,0_2_217 1_3_187 2_3_390 0_3_239 0_3_217 5_0_280 0_0_40 0_3_115 0_4_217 0_2_303 0_4_373 6_3_40 0_5_222 3_3_40 0_5_217 0_3_112 3_4_407 0_3_97 1_1_40 6_4_40 6_5_40 0_5_40 2_6_142 0_3_367 4_2_40 1_3_9 0_3_305 0_3_373 0_3_16 5_3_390 1_3_40 0_1_222 0_3_40 0_2_55 3_0_295 1_2_364 4_2_331 2_3_40 2_0_390 5_6_217 6_3_364 1_1_217 6_6_247 2_1_247 3_3_118 5_2_217,-14.913333333333332,-14.490000000000004,-13.655000000000001
40,-11.537878787878789,0_0_370 ERROR_6_3_236 0_6_54 1_3_40 6_2_152 0_0_75 3_2_395 0_3_40 0_1_157 0_3_142 0_5_217 5_3_367 3_3_40 1_3_270 0_5_166 5_3_270 2_4_217 6_1_373 0_5_55 0_3_15 5_3_217 0_3_287 0_1_40 2_1_40 0_3_364 0_3_355 0_3_187 0_0_40 3_2_40 0_4_373 2_3_386 0_4_40 2_0_390 6_3_364 0_3_217 2_3_276 0_3_333 3_5_224 5_2_40 2_3_224 3_5_217 6_5_305 0_1_36 ERROR_6_1_354,-14.853333333333333,-14.176666666666668,-13.541666666666668
41,-11.707317073170731,4_3_40 4_1_288 1_3_40 0_3_270 5_3_40 0_3_272 2_3_386 0_3_40 0_1_40 6_3_40 3_3_40 2_1_112 0_3_190 0_5_40 0_3_146 5_3_291 0_5_237 5_2_40 0_0_376 4_3_404 0_4_270 2_3_5 3_0_217 3_2_40 3_3_126 2_3_40 3_0_40 6_4_40 4_3_254 0_3_93 0_0_87 5_1_291 6_1_373 1_4_201 3_3_187 3_5_83 2_0_323 3_2_36 3_3_302 0_5_227 3_2_156,-15.0,-14.473333333333334,-13.481666666666666
42,-11.830476190476192,3_3_217 2_2_315 6_0_40 0_0_48 3_0_263 6_3_40 0_5_40 2_3_217 0_3_40 0_2_40 0_5_289 3_2_40 5_5_365 1_4_201 0_5_103 2_3_40 3_3_400 0_1_40 6_3_329 6_3_24 0_1_213 5_3_53 0_6_124 0_3_77 4_3_40 4_3_270 3_0_201 1_3_40 3_4_40 3_3_126 2_1_369 5_2_92 ERROR_0_5_236 2_0_217 5_2_201,-14.986666666666668,-14.37,-13.336666666666668
43,-11.502083333333333,0_3_205 5_3_201 5_0_60 1_0_40 0_2_40 0_0_40 2_3_40 0_4_315 0_3_40 3_3_40 3_3_329 0_1_52 2_3_317 0_0_225 5_2_315 2_3_43 0_3_383 5_2_111 0_3_63 2_2_216 0_3_1 1_3_4 0_0_356 0_2_16 6_3_40 0_1_40 2_2_340 0_5_40 ERROR_0_1_338 2_6_329 3_3_131 2_1_313,-14.9,-14.303333333333333,-13.434999999999999
44,-12.141666666666666,2_2_40 2_3_40 3_3_40 3_3_302 0_0_40 0_3_30 0_3_40 2_5_40 1_3_40 3_1_52 0_3_303 1_3_74 6_3_40 0_3_226 6_0_245 1_2_40 6_3_43 3_5_277 5_3_40 0_1_175 0_3_182 0_2_38 0_5_40 0_2_40 0_3_81 5_1_40 3_3_330 1_1_40 0_2_315 5_0_225 5_2_380 0_3_227,-15.066666666666666,-14.416666666666666,-13.683333333333334
45,-11.659829059829061,2_5_40 0_1_256 0_3_40 5_3_40 0_4_239 4_4_40 2_3_40 0_1_40 3_5_15 1_1_40 0_6_102 0_2_54 0_3_339 6_0_40 6_3_234 0_3_348 2_3_74 3_2_40 6_1_40 0_6_40 0_3_270 3_3_40 1_3_40 0_3_335 0_1_175 6_3_289 0_6_73 2_2_225 0_3_48 0_2_315 0_2_40 0_6_280 3_5_92 0_3_301 0_4_313 0_4_136 1_2_315 0_2_118 5_0_380,-14.98,-14.556666666666667,-13.745000000000001
46,-11.804504504504505,0_3_287 0_3_139 2_3_40 0_3_40 0_1_40 0_3_398 0_2_315 5_4_40 ERROR_0_3_236 6_3_234 6_6_40 0_0_40 5_1_40 5_6_223 1_3_67 6_3_346 0_3_301 0_3_75 1_3_40 0_1_123 0_3_37 0_3_348 2_2_315 2_3_359 0_5_40 5_3_40 1_2_80 6_3_40 0_2_40 1_3_386 2_1_40 0_5_335 0_6_40 5_3_208 5_5_286 5_4_372 ERROR_5_3_385,-15.066666666666666,-14.606666666666666,-13.694999999999999
47,-12.322549019607845,1_5_40 2_1_40 3_3_40 4_5_40 0_3_40 1_3_40 6_3_139 0_3_212 6_4_12 0_0_241 5_3_405 4_1_208 0_3_300 0_2_397 1_2_386 0_1_403 3_1_29 0_5_40 0_3_301 5_0_206 3_3_280 4_3_40 1_4_264 2_3_40 3_3_282 0_3_309 5_3_208 0_3_333 0_2_40 0_6_39 0_0_139 1_2_40 0_4_273 1_3_219,-14.680000000000001,-14.016666666666666,-13.266666666666666
48,-11.855,3_3_40 0_3_40 1_3_40 2_0_40 1_4_12 2_2_40 1_3_324 0_4_1 3_3_278 6_3_40 0_3_264 2_3_24 6_3_139 0_5_62 1_2_112 0_1_40 0_5_141 0_3_125 3_5_40 4_3_39 6_0_277 1_2_26 0_5_40 1_4_40 6_4_40 2_3_40 1_3_261 3_4_40 0_0_109 0_1_293 0_4_40 1_3_12 4_3_403 1_5_224 0_3_139 0_3_340 4_3_76 5_3_259 1_1_154 6_3_333,-14.853333333333335,-14.183333333333334,-13.348333333333333
49,-12.036507936507936,2_3_260 3_4_40 5_3_108 0_3_49 0_3_40 0_6_40 0_2_39 5_4_248 2_2_40 0_0_40 5_1_259 6_3_256 6_5_40 0_0_129 0_4_229 0_3_350 4_3_40 2_3_49 0_4_122 0_2_40 6_2_139 0_3_257 6_3_40 0_3_392 0_3_16 1_3_283 2_3_40 0_1_247 3_3_198 6_3_106 4_2_62 0_3_125 0_0_17 0_1_40 0_5_62 6_2_40 4_3_264 5_4_1 2_5_62 ERROR_1_4_314 0_0_18 4_3_139,-14.959999999999999,-14.470000000000002,-13.59
50,-10.868181818181817,3_5_40 0_3_40 0_2_408 4_3_40 0_0_317 3_3_403 5_2_139 6_4_40 0_3_350 0_0_76 1_3_104 0_3_83 0_2_397 0_3_348 0_3_141 0_2_40 5_0_390 0_3_208 3_2_40 0_1_40 0_1_16 1_3_40 3_3_40 1_3_165 3_4_249 6_2_57 3_5_293 6_3_164 0_2_62 5_5_37 0_6_40 0_3_108 1_3_246 0_3_392 0_2_39 2_0_172 4_4_18 ERROR_0_2_320 1_3_63 ERROR_3_5_381 3_5_247 ERROR_2_3_385 ERROR_5_0_236 4_1_276,-15.146666666666667,-14.39,-13.579999999999998
51,-11.707936507936509,0_3_411 5_3_400 0_1_40 0_0_172 2_1_40 0_3_40 1_3_390 0_1_276 2_3_108 4_3_40 0_3_115 0_5_40 1_4_295 6_3_164 2_2_40 2_3_40 0_3_83 0_5_249 0_3_228 5_2_315 2_0_172 3_2_40 2_6_40 4_0_9 4_6_40 0_3_108 1_2_289 3_3_200 6_3_377 6_3_84 6_2_40 4_1_276 6_3_40 1_3_316 0_5_139 4_4_359 ERROR_5_2_199 6_5_284 4_1_301 4_3_93 5_0_172 3_0_206,-15.093333333333334,-14.296666666666667,-13.351666666666665
52,-11.779674796747969,5_3_40 6_0_40 0_3_108 4_3_40 0_6_289 6_6_40 0_2_40 0_3_295 3_3_40 2_3_108 6_1_164 0_5_40 6_3_40 1_3_40 0_3_40 1_1_390 2_3_232 0_4_159 6_3_164 4_5_350 0_4_40 2_1_77 1_3_226 5_1_40 1_2_40 5_4_40 4_2_40 5_3_215 6_3_291 4_2_172 0_6_108 0_4_96 0_0_172 0_2_289 6_1_301 1_1_128 0_5_171 5_0_50 5_0_77 3_1_306 3_2_144,-15.4,-14.853333333333335,-13.938333333333336
53,-11.504761904761907,0_5_295 0_3_138 2_3_40 3_3_40 0_3_108 3_2_40 0_3_40 0_0_172 0_3_242 3_3_108 1_1_164 5_3_40 1_3_40 0_3_4 2_3_301 4_3_390 0_1_77 6_5_40 2_3_316 0_3_127 4_0_272 0_3_395 6_2_54 1_3_322 ERROR_0_3_354 6_5_232 0_1_40 0_3_141 5_3_51 6_3_239 6_3_295 6_4_40 2_2_108 0_6_40 0_3_393 5_6_40 6_4_135 0_4_186 3_0_360 ERROR_6_3_314 4_3_353 3_3_321,-15.153333333333332,-14.293333333333333,-13.434999999999999
54,-12.039007092198583,2_3_386 0_3_10 5_3_51 5_2_40 0_3_383 6_1_326 0_3_40 0_1_40 5_3_406 0_0_40 4_4_84 4_3_270 0_3_34 3_3_395 5_4_40 3_3_40 0_1_188 1_3_40 5_3_40 0_2_141 1_3_226 2_6_108 5_3_108 3_1_164 3_2_15 3_3_108 4_0_40 0_3_74 2_3_177 1_0_40 0_3_51 1_3_393 3_3_189 5_3_304 6_3_40 3_3_84 5_5_380 2_3_40 1_5_318 0_3_108 3_1_277 2_3_141 5_6_393 3_2_54 5_5_330 5_1_319 5_3_141,-15.246666666666666,-14.716666666666669,-13.783333333333331
55,-11.811627906976746,0_2_40 3_3_40 0_1_74 1_3_40 0_4_108 0_3_40 6_1_326 2_1_40 4_6_8 5_2_40 1_3_108 0_1_41 5_3_108 0_3_219 5_5_40 3_2_40 1_3_358 2_3_21 3_6_40 5_3_40 2_3_197 0_2_367 0_3_270 5_4_316 0_3_388 0_3_247 6_3_74 1_5_226 0_0_359 6_4_108 0_0_411 3_4_54 1_0_40 4_5_40 5_1_409 5_3_360 2_2_40 0_3_108 ERROR_6_3_375 3_3_116 1_0_252 0_1_227 3_3_141,-15.226666666666665,-14.743333333333334,-13.858333333333334
56,-12.352845528455285,1_2_373 0_5_125 5_4_108 5_3_74 6_3_367 2_4_108 0_2_127 0_3_40 0_3_34 6_3_40 0_0_208 1_3_358 0_3_108 0_1_156 4_4_40 3_1_147 0_4_40 6_3_98 0_3_266 0_1_108 6_6_40 0_3_367 0_4_108 6_3_116 1_0_161 0_5_40 0_2_73 4_3_345 0_3_28 0_5_323 3_3_121 0_2_40 4_0_40 2_3_108 3_3_270 1_0_41 0_4_41 3_5_311 6_6_411 1_0_226 1_1_41,-15.166666666666666,-14.433333333333334,-13.690000000000001
57,-12.289629629629628,0_3_358 3_4_108 0_3_2 0_2_40 0_3_108 0_3_40 1_3_251 4_4_108 2_0_373 0_5_108 4_0_108 0_2_108 6_3_108 0_4_108 3_0_156 0_1_108 2_2_393 1_3_21 5_3_40 2_1_120 0_3_387 1_3_358 4_4_40 5_3_238 0_2_151 6_0_108 0_3_303 3_0_239 0_1_127 2_3_40 5_3_108 1_4_40 2_0_361 0_3_27 4_3_40 6_5_108 0_3_24 2_0_270 0_3_311 0_3_41 6_3_286 5_3_373 0_1_40 ERROR_5_4_381 1_1_156,-15.23333333333333,-14.803333333333336,-13.898333333333335
58,-12.413492063492063,2_6_40 0_3_40 0_3_339 0_6_108 6_0_40 0_3_267 0_3_387 3_1_358 2_3_108 1_2_108 0_3_151 6_3_40 5_3_125 3_5_315 3_5_3 0_3_108 0_3_27 4_3_267 0_2_99 2_3_298 5_3_40 4_3_40 0_2_40 6_6_208 1_4_398 2_4_108 3_5_2 0_0_40 0_1_108 5_3_108 0_2_27 0_0_233 4_0_27 0_1_251 0_1_2 3_3_40 6_3_270 0_3_56 3_1_405 0_4_104 3_1_203 0_2_192,-15.293333333333333,-14.776666666666667,-13.878333333333334
59,-11.604273504273504,0_3_95 3_0_109 0_4_398 5_3_40 0_3_110 0_3_108 0_3_84 2_3_298 5_5_40 4_3_108 1_3_151 2_3_108 2_3_27 0_3_267 0_3_27 0_0_155 0_3_273 3_5_95 0_3_2 0_1_45 3_3_108 1_5_108 2_0_40 0_3_114 5_3_405 0_3_244 0_0_151 5_4_397 0_3_279 0_3_252 0_3_339 0_3_324 0_3_270 5_2_40 6_3_398 5_2_20 ERROR_6_3_343 6_0_298 1_3_210,-14.866666666666669,-14.29666666666667,-13.521666666666667
60,-11.768939393939394,6_1_298 2_6_108 3_2_108 0_3_108 0_3_329 0_3_405 4_3_108 0_3_151 0_5_341 4_3_18 2_3_40 0_3_27 3_3_204 0_4_108 4_3_102 0_3_411 3_4_398 3_3_361 6_2_155 0_3_230 0_4_398 2_3_286 2_4_193 2_4_45 4_0_241 4_0_40 6_2_232 0_3_47 6_3_405 5_3_40 5_3_27 5_3_172 0_6_318 0_1_191 6_3_58 5_3_108 0_3_219 0_3_358 0_4_279 0_6_155 0_3_162 ERROR_1_3_384 2_0_45 3_0_155,-14.793333333333333,-14.316666666666668,-13.553333333333331
61,-12.300813008130081,0_3_108 2_3_40 2_5_108 4_3_329 2_3_117 6_0_298 6_2_41 2_5_286 0_3_180 0_3_358 3_3_10 0_3_411 0_3_263 4_3_261 0_1_219 2_2_397 0_4_398 5_0_40 2_3_108 0_6_298 0_3_18 0_3_145 2_2_88 0_3_53 6_3_40 2_1_40 6_3_298 6_2_232 5_4_398 4_3_18 3_3_292 4_3_108 2_0_40 0_4_108 2_4_319 0_3_47 4_3_405 4_4_45 0_0_358 0_4_245 4_3_327,-14.893333333333334,-14.423333333333336,-13.558333333333332
62,-11.56212121212121,6_4_53 1_1_40 0_3_302 1_3_108 0_2_41 1_3_360 0_1_108 0_3_263 0_0_258 0_3_323 0_3_108 5_1_108 4_3_252 0_2_108 0_3_298 0_3_362 0_3_281 0_5_41 0_3_9 0_3_145 5_5_40 4_3_58 6_3_40 4_3_108 4_2_18 1_5_108 0_6_263 0_5_108 2_2_182 0_2_99 0_0_195 4_3_78 5_1_353 0_3_68 0_3_114 5_0_98 0_5_358 1_2_232 4_2_36 3_0_18 5_0_382 ERROR_6_3_366 ERROR_0_2_113 2_4_41,-14.8,-14.366666666666669,-13.571666666666664
63,-12.140476190476189,2_2_108 6_3_108 0_3_108 0_4_184 0_3_114 0_5_32 0_5_108 4_3_263 4_3_108 1_6_40 4_3_323 0_2_93 4_2_108 6_1_40 1_3_108 0_3_60 5_1_108 0_2_232 3_3_232 5_3_108 0_4_108 4_6_42 0_3_40 0_3_263 0_1_108 0_5_230 6_3_310 0_2_108 0_4_76 0_5_358 6_6_79 3_3_108 0_4_168 0_5_128 1_6_357 ERROR_4_5_385 0_5_29 0_0_92 1_1_53 6_5_362 0_6_345 5_0_9,-15.106666666666666,-14.65,-13.861666666666668
64,-12.028947368421052,0_6_9 0_3_108 0_2_155 0_3_67 5_3_108 0_5_108 0_2_108 6_3_254 3_3_232 3_5_379 5_5_232 1_3_108 1_0_92 0_6_108 0_1_10 6_1_310 0_1_122 5_2_248 6_3_108 0_1_328 0_1_411 0_2_93 6_5_49 6_3_5 5_4_125 0_4_232 6_1_108 0_2_232 0_0_108 0_2_161 4_3_108 0_3_323 3_3_53 5_1_260 0_5_93 4_4_9 1_4_111 ERROR_1_2_320,-14.866666666666669,-14.493333333333334,-13.736666666666668
65,-11.965,0_3_254 0_1_108 6_3_92 0_3_67 0_0_108 3_2_108 0_2_248 0_3_288 0_3_108 0_3_150 2_3_5 6_3_25 0_2_223 0_3_12 0_4_232 6_3_58 0_3_333 0_3_120 2_3_122 1_0_74 4_6_79 0_4_108 0_6_271 2_2_108 0_1_85 0_1_248 0_2_108 2_5_108 0_1_5 0_2_255 6_3_327 6_1_108 4_6_108 0_3_173 2_4_156 2_3_374 ERROR_0_5_199 3_1_254 3_1_395 6_0_92,-14.419999999999998,-13.923333333333332,-13.376666666666665
66,-12.09918699186992,0_3_58 0_3_108 4_3_108 0_3_378 6_2_109 5_3_108 0_3_327 3_4_108 1_3_173 0_4_108 4_1_25 2_3_108 0_2_58 0_2_11 0_1_108 3_3_108 2_3_327 0_2_108 0_1_104 6_4_180 0_2_259 0_1_55 3_1_108 0_3_358 6_2_242 6_3_108 6_1_108 3_3_395 0_4_232 0_1_18 0_3_173 0_1_254 0_1_396 6_5_108 4_1_108 0_6_108 0_3_282 3_3_172 6_5_181 3_3_42 ERROR_0_4_384,-14.793333333333333,-14.366666666666665,-13.688333333333336
67,-11.606976744186047,0_3_383 0_1_108 4_4_108 0_4_108 0_3_395 2_3_42 0_1_194 0_4_290 0_5_303 0_5_78 0_4_362 0_3_42 4_3_396 0_3_254 5_3_8 6_1_108 1_5_108 0_3_174 0_3_108 0_1_55 2_2_58 5_2_327 6_3_108 2_3_108 2_6_253 0_4_162 0_1_191 3_3_11 0_1_254 3_5_337 0_3_295 0_4_117 0_1_256 5_5_108 4_0_173 0_4_305 6_4_111 4_0_316 0_5_154 2_2_42 ERROR_5_0_375 6_0_400 4_3_348,-14.866666666666665,-14.24,-13.455000000000002
68,-11.7025,4_0_42 6_3_108 0_2_155 0_5_405 2_3_238 0_3_174 5_3_8 0_3_33 6_3_60 0_3_108 1_1_108 0_4_149 4_1_108 4_3_6 0_6_108 0_2_194 0_2_321 0_0_411 0_4_108 0_1_256 5_5_108 2_3_108 1_3_42 3_3_329 2_3_42 3_3_8 5_3_234 2_0_386 3_3_108 4_4_76 0_3_198 6_6_332 1_3_108 3_4_108 4_4_156 0_4_256 2_5_348 6_1_407 3_1_194 5_4_25,-14.646666666666667,-13.760000000000002,-13.035
69,-11.820325203252033,2_5_108 1_3_407 0_3_108 2_6_42 1_3_108 6_3_268 6_3_271 0_0_282 0_2_108 5_3_108 0_0_2 4_1_108 4_5_108 4_3_76 5_5_295 6_3_108 5_1_108 0_6_153 0_3_379 6_3_220 1_3_42 0_4_260 3_4_108 6_1_60 2_3_390 2_2_386 2_3_202 1_1_48 6_1_35 0_4_6 1_0_147 2_3_33 1_2_108 0_5_108 5_3_250 2_3_198 2_6_194 0_5_331 3_3_405 1_2_235 1_1_135,-14.8,-13.953333333333333,-13.043333333333333
70,-12.192682926829267,0_3_108 5_3_202 4_3_108 0_3_292 0_4_260 0_1_198 1_3_108 5_5_108 0_3_42 4_3_282 1_5_108 1_3_272 5_3_108 0_4_250 5_4_264 2_3_202 1_3_48 0_5_108 2_3_386 0_0_108 2_0_108 0_5_260 6_4_108 6_1_108 1_3_42 0_3_134 0_3_371 0_3_56 0_3_231 5_3_250 0_6_202 3_2_108 2_3_198 2_2_108 4_0_101 6_4_165 4_3_352 1_1_95 1_6_82 1_4_261 6_0_15,-14.593333333333334,-13.89,-13.251666666666665
71,-11.814912280701753,3_3_232 0_3_74 2_3_386 0_3_108 0_2_42 2_3_134 6_3_298 0_3_360 0_3_223 1_6_108 4_3_153 0_0_56 6_3_365 5_3_202 2_3_108 6_3_134 2_3_19 0_3_42 0_3_34 3_3_198 0_0_108 5_5_108 0_3_250 0_2_108 1_3_198 4_1_108 0_3_386 5_3_56 6_6_109 5_0_108 0_3_111 5_5_168 2_2_264 3_2_333 5_0_286 5_4_0 5_0_210 4_2_15,-14.440000000000001,-13.76,-13.16
72,-11.423015873015872,1_3_108 0_3_34 0_3_378 0_3_173 2_3_108 0_6_108 3_2_15 1_5_108 4_5_108 0_0_108 0_3_108 0_3_172 5_3_34 5_3_232 2_3_386 6_3_108 4_1_108 5_3_15 0_3_293 0_3_229 0_2_386 5_3_56 5_2_157 3_2_387 0_3_0 5_5_108 0_0_153 0_3_300 6_5_339 0_0_264 4_0_34 5_3_250 4_2_179 6_3_365 3_3_26 6_5_108 ERROR_0_4_415 5_5_20 2_5_91 6_2_365 ERROR_3_2_385 4_0_286,-14.560000000000002,-13.830000000000002,-13.156666666666666
73,-11.394308943089431,3_1_108 0_1_232 4_3_15 6_3_26 0_3_221 0_3_378 0_6_108 0_1_108 5_0_15 5_6_104 0_5_108 0_2_108 0_3_108 0_3_17 0_3_308 4_5_108 0_3_40 0_3_229 0_1_26 3_3_206 3_3_108 5_3_152 4_3_78 6_1_108 0_3_232 5_3_364 0_6_34 5_5_108 0_2_229 0_3_250 1_6_108 4_0_48 3_4_15 3_4_26 2_6_340 ERROR_5_3_413 5_1_20 2_0_26 ERROR_2_3_338 5_5_15 5_6_15,-15.0,-14.290000000000001,-13.488333333333333
74,-12.323076923076924,4_1_68 0_3_26 5_2_247 3_1_108 5_3_229 2_3_108 0_3_108 0_3_229 0_3_221 4_3_15 0_4_287 0_3_327 0_1_108 0_4_20 5_3_336 0_2_269 0_3_40 3_3_108 2_0_108 4_0_232 4_1_20 6_1_82 0_3_188 6_3_108 0_3_246 3_3_229 1_3_221 0_3_333 2_3_250 0_3_8 5_3_108 0_3_4 0_3_232 5_4_49 0_3_47 0_2_107 1_0_350 0_2_101 ERROR_0_3_413,-15.086666666666668,-14.503333333333334,-13.708333333333334
75,-11.22162162162162,0_3_108 0_3_26 0_3_40 4_3_15 0_1_20 5_2_71 3_3_49 4_3_108 0_4_108 6_4_261 0_3_8 0_5_207 0_3_55 0_5_108 1_1_108 5_4_287 0_3_67 0_1_108 5_3_40 5_6_245 2_1_108 0_2_4 2_3_188 6_3_108 0_5_193 0_2_40 0_3_327 6_3_8 0_3_151 4_3_281 ERROR_2_3_113 ERROR_3_1_385 0_4_227 ERROR_0_3_412 0_4_247 5_4_148 4_4_287,-15.23333333333333,-14.563333333333336,-13.54666666666667
76,-11.77027027027027,0_3_142 0_3_108 0_1_108 4_2_108 2_0_174 4_3_108 3_2_108 5_2_40 0_3_328 6_1_108 0_3_188 6_3_108 0_3_26 0_3_151 0_4_108 2_3_309 2_3_108 1_4_108 0_6_108 0_3_198 0_5_238 2_1_197 1_3_327 0_3_5 1_3_108 0_3_38 1_0_108 3_3_372 4_5_407 0_6_287 6_5_108 0_3_145 0_3_210 3_2_77 0_1_376 ERROR_0_3_368 4_1_281,-14.706666666666667,-14.253333333333336,-13.536666666666667
77,-11.512280701754387,0_2_108 0_6_108 5_3_108 3_3_372 4_3_198 4_3_328 4_5_281 3_2_108 6_5_326 0_1_108 0_3_108 6_4_108 4_2_108 6_0_327 6_3_108 1_3_108 3_3_26 6_3_409 0_6_13 4_3_108 5_1_108 2_3_181 0_3_11 0_3_282 0_3_188 1_3_372 5_1_40 0_5_279 1_0_108 0_3_176 5_0_108 2_3_328 0_0_53 1_1_227 ERROR_1_0_385 ERROR_0_3_343 1_4_5 2_4_372,-14.8,-14.313333333333333,-13.543333333333333
78,-12.425925925925927,0_3_202 5_1_108 0_3_108 1_3_108 0_6_108 0_3_319 6_2_108 5_4_108 4_3_108 5_0_40 0_4_108 0_1_108 1_4_108 0_2_108 3_1_40 3_2_108 0_0_108 0_1_260 0_3_142 6_3_108 0_6_97 5_1_40 5_3_108 1_6_108 2_3_108 0_5_108 0_3_328 5_3_1 5_1_209 3_3_108 1_3_388 2_1_328 5_3_306 5_3_4 4_0_374 6_4_328,-14.8,-14.440000000000001,-13.79666666666667
79,-10.82685185185185,4_3_108 4_5_184 0_2_108 3_5_108 0_0_108 0_3_68 0_3_108 0_4_108 6_4_303 6_2_222 1_3_108 0_6_108 6_3_108 4_3_5 5_3_108 0_3_189 2_3_108 ERROR_0_3_410 0_5_108 5_6_108 1_5_108 4_2_108 6_1_260 6_3_13 0_0_5 5_1_108 0_3_78 5_0_204 1_3_56 5_1_41 6_4_87 0_3_118 ERROR_0_3_414 0_5_211 5_2_155 ERROR_0_5_414,-14.8,-14.35,-13.351666666666668
80,-12.124074074074073,0_2_291 3_3_372 5_6_135 0_2_108 1_3_74 1_3_56 0_3_303 0_3_148 0_4_108 0_1_108 4_3_108 6_3_108 6_4_108 6_1_108 1_3_108 0_6_108 5_3_108 0_3_108 6_2_108 4_1_108 4_2_108 6_3_222 6_3_213 2_3_108 4_5_108 3_5_108 5_0_108 5_2_108 5_3_101 0_5_41 1_3_13 0_5_213 0_5_153 3_0_137 6_3_194 ERROR_5_2_368,-14.8,-14.446666666666667,-13.668333333333331
81,-11.845736434108527,5_4_359 0_3_303 0_3_108 5_1_111 0_3_197 6_0_197 4_3_53 0_3_315 1_3_74 3_5_108 1_6_108 1_4_108 6_1_315 5_3_108 2_1_108 0_1_108 0_2_250 5_4_108 6_4_108 4_3_108 0_6_108 6_3_257 0_2_13 6_3_108 5_5_21 0_4_38 4_5_108 1_0_108 4_1_108 1_2_108 3_1_108 5_4_215 4_5_213 2_3_108 0_3_181 0_2_291 5_2_108 2_4_335 5_3_28 1_3_346 5_2_56 3_5_303 6_4_227,-14.746666666666666,-14.083333333333334,-13.371666666666666
82,-10.83939393939394,0_3_341 2_3_257 0_3_108 6_0_197 6_1_108 5_2_247 6_3_108 1_3_108 0_3_44 ERROR_6_3_343 3_1_308 0_3_195 5_2_272 3_3_328 0_5_108 0_0_78 0_3_250 1_3_11 3_5_275 0_0_108 1_3_146 6_3_257 2_3_228 1_4_12 0_1_16 5_4_250 0_2_228 0_4_108 2_2_297 2_3_22 2_3_108 4_6_108 3_1_318 0_2_108 3_0_315 5_0_40 0_6_108 1_6_53 ERROR_5_3_338 3_3_38 5_3_235 2_4_210 4_4_47 6_4_159,-14.753333333333334,-14.153333333333332,-13.165000000000001
83,-11.706349206349206,6_0_76 5_1_247 1_0_108 1_3_108 0_6_407 0_1_78 4_2_108 1_3_11 5_0_40 0_3_108 6_2_108 1_3_265 6_3_40 0_2_108 0_1_341 2_5_58 6_0_12 5_2_272 2_3_376 1_4_285 1_0_15 1_6_53 0_0_108 1_3_140 4_6_108 3_5_246 1_3_56 5_0_93 4_3_102 6_1_108 0_0_217 0_1_61 6_3_299 6_3_108 0_3_262 0_3_17 3_3_250 3_3_108 0_6_91 ERROR_1_3_366 5_1_277 2_0_315,-14.893333333333334,-14.276666666666666,-13.446666666666667
84,-11.943650793650793,1_0_108 1_0_91 1_3_53 5_2_256 0_5_217 6_0_4 0_6_76 6_0_108 3_3_251 6_3_12 6_3_206 0_6_108 2_0_108 1_3_108 5_3_285 0_4_269 3_6_243 1_4_161 1_3_323 0_3_108 0_1_108 3_3_108 3_6_108 5_2_108 0_0_217 0_0_188 0_3_76 1_6_108 4_3_108 1_3_233 0_0_108 0_5_285 0_1_78 4_2_108 0_2_140 0_6_61 6_2_406 1_5_88 6_6_315 6_2_217 1_6_205 6_3_315,-14.9,-14.16,-13.355
85,-12.13968253968254,0_2_108 0_3_108 1_3_283 5_3_108 0_3_215 6_1_108 0_5_258 0_1_233 0_5_188 0_6_269 2_3_108 6_3_315 6_3_379 4_3_53 0_0_285 0_5_108 0_2_285 1_4_161 1_3_108 6_3_248 5_2_108 0_3_261 1_3_134 0_5_355 6_3_19 6_5_108 0_0_4 6_3_108 4_1_272 1_5_88 0_4_269 4_6_108 0_4_407 6_2_260 0_0_74 0_5_285 0_3_285 5_4_108 0_0_86 4_3_265 1_5_233 6_4_50,-14.973333333333334,-14.463333333333333,-13.65333333333333
86,-11.522857142857143,0_3_108 1_3_108 0_2_108 1_1_53 0_0_108 5_3_283 4_3_71 5_3_108 0_4_108 1_3_342 5_0_108 2_3_108 0_1_108 5_1_315 0_6_285 0_5_108 0_4_272 0_2_279 0_3_149 0_3_83 0_3_307 1_5_108 1_0_283 0_3_87 3_2_108 3_3_108 0_3_191 3_3_317 1_1_272 1_1_70 3_6_283 ERROR_0_4_381 3_1_283 6_2_183 0_2_171,-14.719999999999999,-14.176666666666666,-13.313333333333336
87,-11.606666666666666,0_3_108 3_3_224 0_3_28 0_3_342 0_3_87 0_2_108 5_3_108 0_3_330 0_5_108 3_1_283 0_5_377 3_3_380 3_3_87 1_1_272 ERROR_0_3_410 5_2_108 0_3_3 0_4_108 4_1_108 1_3_388 1_3_108 0_5_353 1_1_264 3_3_108 0_6_108 1_0_283 0_3_126 6_0_327 5_2_142 3_2_222 0_4_376 1_4_87 4_3_185 5_3_37 3_1_192,-14.646666666666667,-13.839999999999998,-13.031666666666666
88,-12.113978494623655,5_5_344 1_0_108 0_3_107 6_2_387 5_3_108 0_3_24 0_3_108 0_1_245 0_1_108 0_3_126 2_3_108 1_4_127 0_2_108 6_3_13 0_0_108 0_3_302 0_0_272 1_3_108 3_3_108 5_1_108 0_6_318 2_2_108 4_4_22 0_1_388 4_3_108 6_2_108 4_2_245 1_3_198 1_4_209 3_3_241 0_1_55,-14.719999999999999,-14.26,-13.306666666666667
89,-12.52,0_3_15 0_3_49 2_3_108 0_3_108 3_3_108 0_4_108 2_2_108 2_3_82 0_3_222 5_0_108 6_1_108 1_3_108 0_6_108 0_3_221 0_3_364 6_3_108 0_1_108 2_5_108 0_5_108 0_3_349 5_2_108 2_3_16 0_2_163 0_3_141 0_1_243 0_0_108 0_3_307 0_5_71 0_1_4 0_2_28 6_0_391 0_3_245 0_3_233 0_6_288 0_1_184,-14.646666666666667,-14.033333333333335,-13.365
90,-11.424561403508774,0_3_108 2_2_108 2_3_108 0_1_387 0_5_108 0_4_185 ERROR_0_0_113 5_3_108 0_4_108 2_3_271 6_4_108 0_3_121 0_5_295 2_5_108 4_0_108 6_3_108 0_3_24 0_5_397 4_1_4 3_3_108 0_3_335 2_1_207 6_3_404 2_1_108 1_3_108 3_3_221 6_3_331 1_0_108 6_0_252 0_3_309 2_0_108 2_2_300 0_4_153 0_3_65 3_1_74 1_1_45 ERROR_0_3_314 5_0_281,-14.780000000000001,-14.120000000000001,-13.188333333333333
91,-11.725000000000001,3_3_108 1_0_108 5_3_108 0_0_65 0_3_24 1_1_108 0_3_108 4_3_108 4_2_81 6_0_232 0_3_309 2_2_377 0_5_76 2_4_153 0_3_252 0_3_86 3_6_263 0_0_387 3_3_83 6_3_108 2_2_108 1_1_83 0_5_108 2_3_108 0_3_298 1_3_23 0_3_109 3_1_316 6_0_108 6_6_108 2_0_108 3_3_188 0_3_408 4_1_108 6_2_108 3_4_108 0_4_85 5_3_43 0_1_387 6_2_104 3_4_181 4_0_108 2_5_1 1_3_313,-14.84,-14.243333333333336,-13.501666666666669
92,-11.936752136752137,3_3_65 3_3_124 1_3_108 0_3_108 0_3_251 5_3_65 1_1_83 3_4_108 5_6_108 6_6_108 0_3_24 3_3_108 2_3_182 2_0_108 3_3_83 0_2_81 6_3_108 5_0_65 3_0_108 0_6_108 6_3_140 0_0_83 3_1_247 5_3_107 0_6_64 0_2_108 6_3_139 6_4_108 0_3_228 0_3_83 0_0_108 0_4_108 3_1_73 4_3_108 2_3_23 0_5_85 2_2_65 5_0_282 3_2_252,-14.806666666666667,-14.136666666666667,-13.221666666666668
93,-12.234234234234236,2_5_108 5_5_279 6_3_108 0_3_127 0_3_83 0_3_259 1_2_81 0_3_108 5_0_108 0_3_278 0_3_392 0_3_97 5_2_108 4_3_108 0_0_139 0_3_95 6_0_108 0_3_37 4_3_83 0_3_226 3_1_108 0_0_83 0_1_108 0_1_230 1_3_282 1_3_108 0_3_24 0_3_119 6_3_245 3_3_108 6_3_139 0_4_108 0_0_108 4_1_388 0_6_242 ERROR_0_0_412 6_3_228,-14.906666666666666,-14.473333333333334,-13.678333333333331
94,-11.81891891891892,0_3_37 6_3_37 0_0_269 0_5_108 0_5_95 0_3_99 0_3_404 0_3_119 4_2_273 2_3_278 6_3_108 1_1_134 1_2_108 0_3_108 0_2_108 4_5_108 3_3_367 4_6_108 0_4_37 0_3_396 1_3_95 0_3_231 4_1_279 5_3_108 0_1_108 5_3_310 0_0_108 1_1_83 6_2_108 3_1_108 0_3_308 0_3_372 0_3_290 0_3_392 0_0_377 ERROR_0_3_381 ERROR_6_5_314,-14.966666666666665,-14.27,-13.503333333333336
95,-12.316091954022989,0_3_108 0_1_108 0_3_348 6_3_245 3_4_108 0_3_372 0_3_119 6_6_108 5_3_289 5_1_108 0_5_108 0_5_141 1_3_108 1_2_108 1_1_134 6_3_108 0_3_232 0_3_298 1_4_108 1_0_37 6_5_108 1_1_108 5_3_108 4_2_37 0_2_5 0_0_296 0_5_37 4_5_266 0_4_95,-14.986666666666668,-14.4,-13.478333333333333
96,-11.738235294117647,0_3_108 5_3_296 0_3_289 3_1_108 0_3_200 0_6_108 5_3_108 1_0_108 0_1_108 0_4_108 6_0_108 0_3_377 5_3_228 4_3_108 3_3_194 0_6_119 5_1_108 1_3_168 0_3_240 1_1_376 6_6_108 6_3_108 1_2_403 5_5_142 0_3_300 4_2_108 0_3_259 0_3_225 6_2_108 0_0_119 4_6_108 1_3_7 ERROR_3_3_236 5_5_245,-14.680000000000001,-14.280000000000001,-13.544999999999998
97,-12.198039215686274,6_3_295 5_3_289 6_3_108 6_3_377 5_3_59 0_0_108 0_3_108 0_2_108 5_1_108 0_2_72 5_3_108 0_1_108 0_5_200 5_3_296 4_3_108 0_4_262 3_0_108 0_6_108 0_3_311 0_3_107 0_0_352 6_3_175 2_3_108 0_3_289 0_3_180 5_3_300 0_2_371 1_3_108 0_6_285 3_3_108 0_3_137 0_4_234 3_6_66 6_1_200,-14.8,-14.416666666666668,-13.433333333333332
98,-12.298039215686273,0_3_108 2_2_169 6_3_108 0_4_371 0_2_72 0_5_108 0_1_108 0_4_311 0_3_137 3_3_108 1_0_65 0_2_108 0_3_311 6_2_119 1_2_108 0_3_293 4_3_98 0_3_116 0_3_260 2_2_108 0_0_352 6_2_108 4_3_108 0_2_279 1_3_108 0_4_108 3_3_295 2_3_108 1_5_108 0_3_339 5_3_133 ERROR_0_2_415 3_0_172 4_0_181,-14.753333333333334,-14.343333333333334,-13.658333333333337
99,-10.855882352941178,0_2_279 0_3_108 0_6_108 1_1_335 0_6_325 0_5_176 6_6_108 2_3_137 6_3_108 0_2_108 0_0_108 1_4_108 0_1_108 3_3_108 1_5_108 1_3_108 0_4_108 3_3_279 2_2_108 0_3_244 6_1_4 4_6_104 0_5_108 0_3_44 0_3_141 3_2_345 0_3_175 1_2_108 0_1_293 4_3_246 3_5_283 2_6_293 ERROR_0_6_368 1_4_313,-14.680000000000001,-14.073333333333334,-13.075
